clade	model_id	species	assembly_accession
Alveolata	sd2zcj7u	Babesia bigemina	GCF_000981445.1
Alveolata	sd2zcj7u	Babesia bovis	GCF_000165395.2
Alveolata	sd2zcj7u	Babesia caballi	GCA_053477425.1
Alveolata	sd2zcj7u	Babesia canis	GCA_045269395.1
Alveolata	sd2zcj7u	Babesia duncani	GCF_028658345.1
Alveolata	sd2zcj7u	Babesia gibsoni	GCA_035575875.1
Alveolata	sd2zcj7u	Babesia microti	GCF_000691945.2
Alveolata	sd2zcj7u	Besnoitia besnoiti	GCF_002563875.1
Alveolata	sd2zcj7u	Breviolum minutum	GCA_965643015.1
Alveolata	sd2zcj7u	Cryptosporidium hominis	GCA_045269125.1
Alveolata	sd2zcj7u	Cryptosporidium meleagridis	GCA_039657295.1
Alveolata	sd2zcj7u	Cryptosporidium parvum	GCF_000165345.1
Alveolata	sd2zcj7u	Cryptosporidium sp 43IA8	GCA_031892065.1
Alveolata	sd2zcj7u	Effrenium voratum	GCA_975362855.1
Alveolata	sd2zcj7u	Eimeria acervulina	GCA_981118555.1
Alveolata	sd2zcj7u	Eimeria maxima	GCA_977970315.1
Alveolata	sd2zcj7u	Eimeria praecox	GCA_963920595.1
Alveolata	sd2zcj7u	Eimeria tenella	GCA_030644485.1
Alveolata	sd2zcj7u	Freudenthalidium endolithicum	GCA_979612505.1
Alveolata	sd2zcj7u	Neospora caninum	GCF_000208865.1
Alveolata	sd2zcj7u	Symbiodinium microadriaticum	GCA_977109205.1
Alveolata	sd2zcj7u	Symbiodinium pilosum	GCA_964212085.1
Alveolata	sd2zcj7u	Symbiodinium tridacnidarum	GCA_965279495.1
Alveolata	sd2zcj7u	Tetrahymena utriculariae	GCA_052426195.1
Alveolata	sd2zcj7u	Theileria annulata	GCF_000003225.4
Alveolata	sd2zcj7u	Theileria equi	GCF_000342415.1
Alveolata	sd2zcj7u	Theileria haneyi	GCA_050329265.1
Alveolata	sd2zcj7u	Theileria orientalis	GCF_000740895.1
Alveolata	sd2zcj7u	Theileria parva	GCF_000165365.1
Alveolata	sd2zcj7u	Toxoplasma gondii	GCF_000006565.2
Amoebozoa	ezhpj2qm	Acanthamoeba castellanii	GCF_000313135.1
Amoebozoa	ezhpj2qm	Acanthamoeba sp GP39 C1	GCA_978143355.1
Amoebozoa	ezhpj2qm	Acytostelium subglobosum	GCF_000787575.1
Amoebozoa	ezhpj2qm	Balamuthia mandrillaris	GCA_001262475.1
Amoebozoa	ezhpj2qm	Cavenderia fasciculata	GCF_000203815.1
Amoebozoa	ezhpj2qm	Cochliopodium minus	GCA_024220525.1
Amoebozoa	ezhpj2qm	Heterostelium album	GCF_000004825.1
Amoebozoa	ezhpj2qm	Heterostelium pallidum	GCA_054501735.1
Amoebozoa	ezhpj2qm	Mastigamoeba balamuthi	GCA_902651635.1
Amoebozoa	ezhpj2qm	Paramoeba atlantica	GCA_977017615.1
Amoebozoa	ezhpj2qm	Paramoeba pemaquidensis	GCA_002151225.1
Amoebozoa	ezhpj2qm	Pelomyxa schiedti	GCA_020536535.1
Amoebozoa	ezhpj2qm	Protostelium mycophagum	GCA_002081555.1
Amoebozoa	ezhpj2qm	Speleostelium caveatum	GCA_003667305.1
Amoebozoa	ezhpj2qm	Vermamoeba vermiformis	GCA_020696425.1
Arthropoda	ihe1jk30	Abia candens	GCA_964212075.1
Arthropoda	ihe1jk30	Acartia tonsa	GCF_053477335.1
Arthropoda	ihe1jk30	Acrocera orbiculus	GCA_947359355.1
Arthropoda	ihe1jk30	Adelges abietis	GCA_054130805.1
Arthropoda	ihe1jk30	Aegaeobuthus cyprius	GCA_978021275.1
Arthropoda	ihe1jk30	Aeshna juncea	GCA_977065675.1
Arthropoda	ihe1jk30	Agapetus fuscipes	GCA_951799405.1
Arthropoda	ihe1jk30	Agaricogonopus acrotrifoliolatus	GCA_052040765.1
Arthropoda	ihe1jk30	Agelena orientalis	GCA_978045235.1
Arthropoda	ihe1jk30	Agrilus biguttatus	GCA_963921985.1
Arthropoda	ihe1jk30	Allygus modestus	GCA_963675035.1
Arthropoda	ihe1jk30	Amaurobius ferox	GCA_951213105.1
Arthropoda	ihe1jk30	Amblyomma americanum	GCF_052857255.1
Arthropoda	ihe1jk30	Amphibalanus improvisus	GCA_964274985.1
Arthropoda	ihe1jk30	Amphitetranychus viennensis	GCA_050437165.1
Arthropoda	ihe1jk30	Anilocra frontalis	GCA_964640705.1
Arthropoda	ihe1jk30	Anoplius nigerrimus	GCA_914767735.1
Arthropoda	ihe1jk30	Anthrax anthrax	GCA_963971155.1
Arthropoda	ihe1jk30	Aphonopelma marxi	GCA_054742115.1
Arthropoda	ihe1jk30	Aphrophora alni	GCA_963513935.1
Arthropoda	ihe1jk30	Araneus quadratus	GCA_977964365.1
Arthropoda	ihe1jk30	Archilestes grandis	GCA_977012885.1
Arthropoda	ihe1jk30	Arge ochropus	GCA_965113185.1
Arthropoda	ihe1jk30	Arrhopalites brevicornis	GCA_046718785.1
Arthropoda	ihe1jk30	Artema nephilit	GCA_977118365.1
Arthropoda	ihe1jk30	Artemia franciscana	GCF_032884065.1
Arthropoda	ihe1jk30	Asellus aquaticus	GCA_964212115.1
Arthropoda	ihe1jk30	Athalia rosae	GCF_917208135.1
Arthropoda	ihe1jk30	Atypus sp ZY 2024a	GCA_054135865.1
Arthropoda	ihe1jk30	Bacillus rossius	GCF_032445375.1
Arthropoda	ihe1jk30	Bactericera cockerelli	GCA_024516035.1
Arthropoda	ihe1jk30	Baryscapus dioryctriae	GCA_040869075.1
Arthropoda	ihe1jk30	Bemisia tabaci	GCF_918797505.1
Arthropoda	ihe1jk30	Beris chalybata	GCA_949128065.1
Arthropoda	ihe1jk30	Bibio marci	GCA_910594885.2
Arthropoda	ihe1jk30	Blomia tropicalis	GCA_029204025.1
Arthropoda	ihe1jk30	Boreus westwoodi	GCA_981954615.1
Arthropoda	ihe1jk30	Brachydesmus stygivagus	GCA_981598925.1
Arthropoda	ihe1jk30	Brachyptera risi	GCA_964007535.1
Arthropoda	ihe1jk30	Bradysia coprophila	GCF_014529535.2
Arthropoda	ihe1jk30	Callosobruchus maculatus	GCA_040182625.1
Arthropoda	ihe1jk30	Cancer borealis	GCA_041682235.1
Arthropoda	ihe1jk30	Capitulum mitella	GCA_030062745.1
Arthropoda	ihe1jk30	Carcinoscorpius rotundicauda	GCA_011833715.1
Arthropoda	ihe1jk30	Carpoglyphus lactis	GCA_051106175.1
Arthropoda	ihe1jk30	Catops nigricans	GCA_965642125.1
Arthropoda	ihe1jk30	Cephus spinipes	GCA_963971525.1
Arthropoda	ihe1jk30	Ceratophysella communis	GCA_046718835.1
Arthropoda	ihe1jk30	Chelidurella thaleri	GCA_965178615.1
Arthropoda	ihe1jk30	Cherax quadricarinatus	GCF_038502225.1
Arthropoda	ihe1jk30	Cheumatopsyche charites	GCA_024721215.1
Arthropoda	ihe1jk30	Chironomus kiiensis	GCA_050306575.1
Arthropoda	ihe1jk30	Chrysopilus asiliformis	GCA_964034945.1
Arthropoda	ihe1jk30	Cloeon dipterum	GCF_949628265.1
Arthropoda	ihe1jk30	Clogmia albipunctata	GCA_965637365.1
Arthropoda	ihe1jk30	Clubiona pallidula	GCA_977902005.1
Arthropoda	ihe1jk30	Coelostoma orbiculare	GCA_979606585.1
Arthropoda	ihe1jk30	Conwentzia psociformis	GCA_976988905.1
Arthropoda	ihe1jk30	Cordylochernes scorpioides	GCA_030710605.1
Arthropoda	ihe1jk30	Cosmoglyphus oudemansi	GCA_050580425.1
Arthropoda	ihe1jk30	Cryptophagus acutangulus	GCA_963556235.1
Arthropoda	ihe1jk30	Culex modestus	GCA_964213205.1
Arthropoda	ihe1jk30	Culicoides sonorensis	GCA_047716325.1
Arthropoda	ihe1jk30	Cyamophila willieti	GCA_041222665.1
Arthropoda	ihe1jk30	Cylindroiulus punctatus	GCA_965125795.1
Arthropoda	ihe1jk30	Cyphoderus albinus	GCA_965194875.1
Arthropoda	ihe1jk30	Daphnia pulex	GCF_021134715.1
Arthropoda	ihe1jk30	Dascillus cervinus	GCA_949768715.1
Arthropoda	ihe1jk30	Dermacentor andersoni	GCF_023375885.2
Arthropoda	ihe1jk30	Dermatophagoides farinae	GCF_024713945.1
Arthropoda	ihe1jk30	Dicyrtomina minuta	GCA_949802685.1
Arthropoda	ihe1jk30	Dinocras cephalotes	GCA_965637155.1
Arthropoda	ihe1jk30	Diogenes curvimanus	GCA_977968305.1
Arthropoda	ihe1jk30	Diplazon laetatorius	GCA_963662125.1
Arthropoda	ihe1jk30	Dryococelus australis	GCA_029891345.1
Arthropoda	ihe1jk30	Ecdyonurus torrentis	GCA_949318235.1
Arthropoda	ihe1jk30	Elmis aenea	GCA_947652605.1
Arthropoda	ihe1jk30	Embia tyrrhenica	GCA_965644375.1
Arthropoda	ihe1jk30	Endeis spinosa	GCA_977071025.1
Arthropoda	ihe1jk30	Ephemera vulgata	GCA_977061575.1
Arthropoda	ihe1jk30	Eriocrania semipurpurella	GCA_045547075.1
Arthropoda	ihe1jk30	Eriophyidae sp	GCA_045522265.1
Arthropoda	ihe1jk30	Euscorpius feti	GCA_974489025.1
Arthropoda	ihe1jk30	Folsomia candida	GCA_052721305.1
Arthropoda	ihe1jk30	Gasteruption jaculator	GCA_949825005.1
Arthropoda	ihe1jk30	Geotrupes spiniger	GCA_959613385.1
Arthropoda	ihe1jk30	Gluvia dorsalis	GCA_964187665.1
Arthropoda	ihe1jk30	Glyphotaelius pellucidus	GCA_936435175.1
Arthropoda	ihe1jk30	Haemaphysalis longicornis	GCA_055474425.1
Arthropoda	ihe1jk30	Harpalus anxius	GCA_965601895.1
Arthropoda	ihe1jk30	Hetaerina titia	GCA_037158775.1
Arthropoda	ihe1jk30	Himalopsyche anomala	GCA_031772345.1
Arthropoda	ihe1jk30	Hololepta plana	GCA_963695495.2
Arthropoda	ihe1jk30	Hyalomma asiaticum	GCA_013339685.2
Arthropoda	ihe1jk30	Ips sexdentatus	GCA_976954535.1
Arthropoda	ihe1jk30	Ischnura senegalensis	GCA_964251815.1
Arthropoda	ihe1jk30	Isoperla grammatica	GCA_945910005.1
Arthropoda	ihe1jk30	Ixodes scapularis	GCA_031841145.2
Arthropoda	ihe1jk30	Lepas anatifera	GCA_977969705.1
Arthropoda	ihe1jk30	Lepisma saccharinum	GCA_977018435.1
Arthropoda	ihe1jk30	Leptocerus tineiformis	GCA_978019925.1
Arthropoda	ihe1jk30	Leptopilina syphax	GCA_032872505.1
Arthropoda	ihe1jk30	Leuctra nigra	GCA_934045905.1
Arthropoda	ihe1jk30	Limonia nubeculosa	GCA_977930355.1
Arthropoda	ihe1jk30	Linepithema humile	GCF_040581485.1
Arthropoda	ihe1jk30	Liopterus haemorrhoidalis	GCA_963971575.1
Arthropoda	ihe1jk30	Liposcelis bostrychophila	GCA_037577465.1
Arthropoda	ihe1jk30	Lithobius stygius	GCA_976940485.1
Arthropoda	ihe1jk30	Loboptera decipiens	GCA_964662295.2
Arthropoda	ihe1jk30	Locusta migratoria	GCA_026315105.1
Arthropoda	ihe1jk30	Loensia variegata	GCA_964261705.1
Arthropoda	ihe1jk30	Luthela sp 2 MW 2023a	GCA_054135875.1
Arthropoda	ihe1jk30	Machimus atricapillus	GCA_933228815.1
Arthropoda	ihe1jk30	Macrosiphum cholodkovskyi	GCA_978019455.1
Arthropoda	ihe1jk30	Macrothele cretica	GCA_964417605.2
Arthropoda	ihe1jk30	Magicicada septendecula	GCA_034769895.1
Arthropoda	ihe1jk30	Mastigoproctus giganteus	GCA_048544385.1
Arthropoda	ihe1jk30	Mesaphorura yosii	GCA_046563535.1
Arthropoda	ihe1jk30	Mesopsocus fuscifrons	GCA_950004255.1
Arthropoda	ihe1jk30	Microctonus brassicae	GCA_918226075.1
Arthropoda	ihe1jk30	Micropterix aruncella	GCA_944548615.1
Arthropoda	ihe1jk30	Microrhagus pygmaeus	GCA_965643785.1
Arthropoda	ihe1jk30	Mongoloraphidia duomilia	GCA_039654895.1
Arthropoda	ihe1jk30	Morinoia aosen	GCA_030386875.1
Arthropoda	ihe1jk30	Myrmecophilus myrmecophilus	GCA_046865745.1
Arthropoda	ihe1jk30	Nanogona polydesmoides	GCA_965153395.1
Arthropoda	ihe1jk30	Nematus trochanteratus	GCA_055731545.1
Arthropoda	ihe1jk30	Nemophora metallica	GCA_964261965.1
Arthropoda	ihe1jk30	Nemoura dubitans	GCA_921293005.1
Arthropoda	ihe1jk30	Neodiprion lecontei	GCF_021901455.1
Arthropoda	ihe1jk30	Neoneuromus ignobilis	GCA_029203775.1
Arthropoda	ihe1jk30	Odiellus spinosus	GCA_963920705.1
Arthropoda	ihe1jk30	Opilo mollis	GCA_964338635.1
Arthropoda	ihe1jk30	Oratosquilla oratoria	GCF_046742065.1
Arthropoda	ihe1jk30	Orchesella villosa	GCA_966392285.1
Arthropoda	ihe1jk30	Ornithodoros turicata	GCF_037126465.1
Arthropoda	ihe1jk30	Orthonychiurus folsomi	GCA_046579375.1
Arthropoda	ihe1jk30	Osmylus fulvicephalus	GCA_977109365.1
Arthropoda	ihe1jk30	Palaemon carinicauda	GCF_036898095.1
Arthropoda	ihe1jk30	Pandarus bicolor	GCA_965642555.1
Arthropoda	ihe1jk30	Panorpa germanica	GCA_963678705.1
Arthropoda	ihe1jk30	Pardosa pseudoannulata	GCA_032207245.1
Arthropoda	ihe1jk30	Penaeus vannamei	GCF_042767895.1
Arthropoda	ihe1jk30	Periplaneta americana	GCF_040183065.1
Arthropoda	ihe1jk30	Philodromus cespitum	GCA_965612325.1
Arthropoda	ihe1jk30	Phortica okadai	GCA_034638295.1
Arthropoda	ihe1jk30	Phytoseiulus persimilis	GCA_047456425.1
Arthropoda	ihe1jk30	Platycleis affinis	GCA_980899315.1
Arthropoda	ihe1jk30	Platygaster robiniae	GCA_028476575.1
Arthropoda	ihe1jk30	Prionocyphon serricornis	GCA_965648515.1
Arthropoda	ihe1jk30	Prochoreutis sehestediana	GCA_977065725.1
Arthropoda	ihe1jk30	Pseudococcus jackbeardsleyi	GCA_038380155.1
Arthropoda	ihe1jk30	Pteronarcys californica	GCA_043644785.1
Arthropoda	ihe1jk30	Ptychoptera contaminata	GCA_963942525.1
Arthropoda	ihe1jk30	Pycnogonum litorale	GCA_964442445.1
Arthropoda	ihe1jk30	Pyemotes zhonghuajia	GCA_025170145.1
Arthropoda	ihe1jk30	Rhyzopertha dominica	GCA_054553145.1
Arthropoda	ihe1jk30	Sacculina carcini	GCA_916048095.2
Arthropoda	ihe1jk30	Salticus scenicus	GCA_963930645.1
Arthropoda	ihe1jk30	Sarcoptes scabiei	GCA_020844145.1
Arthropoda	ihe1jk30	Scenopinus jerei	GCA_965641765.1
Arthropoda	ihe1jk30	Schizodactylus jimo	GCA_053542775.1
Arthropoda	ihe1jk30	Sciapus platypterus	GCA_964204755.1
Arthropoda	ihe1jk30	Sclerodermus sp alternatusi	GCA_037305995.1
Arthropoda	ihe1jk30	Scolopendra cretica	GCA_966189295.1
Arthropoda	ihe1jk30	Scotophaeus blackwalli	GCA_981259235.1
Arthropoda	ihe1jk30	Scyllarides latus	GCA_965641465.1
Arthropoda	ihe1jk30	Segestria senoculata	GCA_965642505.1
Arthropoda	ihe1jk30	Seladonia tumulorum	GCA_913789895.3
Arthropoda	ihe1jk30	Sialis lutaria	GCA_949319165.1
Arthropoda	ihe1jk30	Sinella curviseta	GCA_004115045.4
Arthropoda	ihe1jk30	Sminthurus viridis	GCA_965194885.1
Arthropoda	ihe1jk30	Sogatella furcifera	GCA_017141385.1
Arthropoda	ihe1jk30	Stegodyphus lineatus	GCA_044657705.1
Arthropoda	ihe1jk30	Stenopsyche angustata	GCA_051167455.1
Arthropoda	ihe1jk30	Strigamia acuminata	GCA_949358305.1
Arthropoda	ihe1jk30	Stylops aterrimus	GCA_965240395.1
Arthropoda	ihe1jk30	Subcoccinella vigintiquattuorpunctata	GCA_965783985.1
Arthropoda	ihe1jk30	Sylvicola cinctus	GCA_963854165.1
Arthropoda	ihe1jk30	Syritta pipiens	GCA_905187475.1
Arthropoda	ihe1jk30	Tarphius canariensis	GCA_964277315.1
Arthropoda	ihe1jk30	Tenodera sinensis	GCA_030765045.1
Arthropoda	ihe1jk30	Tethysbaena scabra	GCA_964277195.1
Arthropoda	ihe1jk30	Tetrix japonica	GCA_048165185.1
Arthropoda	ihe1jk30	Thereva unica	GCA_949987705.1
Arthropoda	ihe1jk30	Thrips tabaci	GCA_040581495.1
Arthropoda	ihe1jk30	Timema poppense	GCA_044715735.1
Arthropoda	ihe1jk30	Tiphia minuta	GCA_971880485.1
Arthropoda	ihe1jk30	Tischeria ekebladella	GCA_965234195.1
Arthropoda	ihe1jk30	Tomocerus qinae	GCA_020055645.1
Arthropoda	ihe1jk30	Triatoma dimidiata	GCA_964198125.1
Arthropoda	ihe1jk30	Trichopria drosophilae	GCA_030407085.1
Arthropoda	ihe1jk30	Troglophilus ovuliformis	GCA_978019135.1
Arthropoda	ihe1jk30	Typhloglomeris coeca	GCA_981690545.1
Arthropoda	ihe1jk30	Uloborus diversus	GCF_026930045.1
Arthropoda	ihe1jk30	Vespula germanica	GCA_905340365.1
Arthropoda	ihe1jk30	Xiphydria camelus	GCA_963678675.1
Arthropoda	ihe1jk30	Xylophagus ater	GCA_963422695.1
Arthropoda	ihe1jk30	Xysticus acerbus	GCA_965642565.1
Arthropoda	ihe1jk30	Yuukianura sp NJ FZ 2021	GCA_046563655.1
Chlorophyta	faeijtmk	Asterochloris sp CNOR1	GCA_963969365.1
Chlorophyta	faeijtmk	Auxenochlorella pyrenoidosa	GCA_047663505.1
Chlorophyta	faeijtmk	Bathycoccus prasinos	GCF_002220235.1
Chlorophyta	faeijtmk	Chlorella sorokiniana	GCA_025917655.1
Chlorophyta	faeijtmk	Chloropicon mariensis	GCA_977109245.1
Chlorophyta	faeijtmk	Choricystis sp odSpoLacu1	GCA_958009055.1
Chlorophyta	faeijtmk	Coccomyxa sp Obi	GCA_020887355.1
Chlorophyta	faeijtmk	Mantoniella sp RCC395	GCA_977861565.1
Chlorophyta	faeijtmk	Marvania coccoides	GCA_963854735.1
Chlorophyta	faeijtmk	Medakamo hakoo	GCA_026636295.1
Chlorophyta	faeijtmk	Micromonas commoda	GCF_000090985.2
Chlorophyta	faeijtmk	Nephroselmis sp RCC6846	GCA_977017525.1
Chlorophyta	faeijtmk	Ostreococcus tauri	GCF_000214015.3
Chlorophyta	faeijtmk	Penicillus capitatus	GCA_965649825.1
Chlorophyta	faeijtmk	Picochlorum sp SENEW3	GCA_034226045.1
Chlorophyta	faeijtmk	Protoeuglena noctilucae	GCA_958009085.1
Chlorophyta	faeijtmk	Prototheca zopfii	GCA_048595725.1
Chlorophyta	faeijtmk	Pseudopediastrum boryanum	GCA_963556185.1
Chlorophyta	faeijtmk	Pseudoscourfieldia marina	GCA_049488355.1
Chlorophyta	faeijtmk	Pycnococcus provasolii	GCA_049487715.1
Chlorophyta	faeijtmk	Pyramimonas sp RCC4209	GCA_979252865.1
Chlorophyta	faeijtmk	Scenedesmus sp PABB004	GCA_014905635.1
Chlorophyta	faeijtmk	Tetradesmus obliquus	GCA_030272155.1
Chlorophyta	faeijtmk	Tetraselmis sp RCC6047	GCA_980268085.1
Chlorophyta	faeijtmk	Trebouxia sp SL0000003	GCA_965154545.1
Chlorophyta	faeijtmk	Ulva prolifera	GCA_023078555.1
Cnidaria	b5vtieo0	Actinia mediterranea	GCA_965224875.2
Cnidaria	b5vtieo0	Agaricia agaricites	GCA_974392565.1
Cnidaria	b5vtieo0	Anemonia sulcata	GCA_965177965.1
Cnidaria	b5vtieo0	Anthopleura artemisia	GCA_964304775.1
Cnidaria	b5vtieo0	Anthopleura xanthogrammica	GCA_964019055.1
Cnidaria	b5vtieo0	Astrangia poculata	GCA_047906015.2
Cnidaria	b5vtieo0	Aulactinia verrucosa	GCA_965282975.1
Cnidaria	b5vtieo0	Aurelia coerulea	GCA_039566865.1
Cnidaria	b5vtieo0	Aurelia sp 3 sensu Dawson et al 2005	GCA_964020215.1
Cnidaria	b5vtieo0	Aurelia sp 4 Dawson et al 2005	GCA_964019985.1
Cnidaria	b5vtieo0	Blastomussa wellsi	GCA_947652115.1
Cnidaria	b5vtieo0	Calliactis parasitica	GCA_964340385.1
Cnidaria	b5vtieo0	Callogorgia gracilis	GCA_964204845.1
Cnidaria	b5vtieo0	Candelabrum cocksii	GCA_963930725.1
Cnidaria	b5vtieo0	Cassiopea ornata	GCA_964304725.1
Cnidaria	b5vtieo0	Cassiopea sp PORT0000214	GCA_964204825.1
Cnidaria	b5vtieo0	Cassiopea xamachana	GCA_964235115.1
Cnidaria	b5vtieo0	Catostylus mosaicus	GCA_964019065.1
Cnidaria	b5vtieo0	Cavernularia obesa	GCA_041682505.1
Cnidaria	b5vtieo0	Cladocora caespitosa	GCA_977000285.1
Cnidaria	b5vtieo0	Condylactis gigantea	GCA_964258915.1
Cnidaria	b5vtieo0	Corallium rubrum	GCA_964265095.1
Cnidaria	b5vtieo0	Corynactis viridis	GCA_979016875.1
Cnidaria	b5vtieo0	Cyphastrea salae	GCA_964194085.1
Cnidaria	b5vtieo0	Dendrogyra cylindrus	GCA_964187815.1
Cnidaria	b5vtieo0	Diadumene lineata	GCA_918843875.1
Cnidaria	b5vtieo0	Duncanopsammia axifuga	GCA_964258685.1
Cnidaria	b5vtieo0	Echinopora horrida	GCA_964199735.2
Cnidaria	b5vtieo0	Ectopleura larynx	GCA_978473255.1
Cnidaria	b5vtieo0	Eunicea knighti	GCA_965233905.1
Cnidaria	b5vtieo0	Eunicella cavolini	GCA_965177985.2
Cnidaria	b5vtieo0	Eunicella verrucosa	GCA_964289765.3
Cnidaria	b5vtieo0	Galaxea fascicularis	GCA_948470475.1
Cnidaria	b5vtieo0	Gorgonia ventalina	GCA_964194065.1
Cnidaria	b5vtieo0	Haliclystus octoradiatus	GCA_916610825.1
Cnidaria	b5vtieo0	Hemicorallium imperiale	GCA_045791825.1
Cnidaria	b5vtieo0	Hydractinia symbiolongicarpus	GCF_029227915.1
Cnidaria	b5vtieo0	Isopora palifera	GCA_964212065.1
Cnidaria	b5vtieo0	Kudoa neothunni	GCA_964304625.1
Cnidaria	b5vtieo0	Leptogorgia sarmentosa	GCA_964658295.1
Cnidaria	b5vtieo0	Madracis auretenra	GCA_964059495.1
Cnidaria	b5vtieo0	Madracis senaria	GCA_964656595.1
Cnidaria	b5vtieo0	Mastigias papua	GCA_964019165.1
Cnidaria	b5vtieo0	Meandrina meandrites	GCA_963693305.1
Cnidaria	b5vtieo0	Metridium senile	GCA_949775045.1
Cnidaria	b5vtieo0	Micromussa lordhowensis	GCA_964020085.1
Cnidaria	b5vtieo0	Millepora alcicornis	GCA_965112645.1
Cnidaria	b5vtieo0	Millepora complanata	GCA_964656905.1
Cnidaria	b5vtieo0	Millepora dichotoma	GCA_965112555.1
Cnidaria	b5vtieo0	Montipora capitata	GCA_949126865.1
Cnidaria	b5vtieo0	Montipora capricornis	GCF_036669925.1
Cnidaria	b5vtieo0	Montipora foliosa	GCF_036669935.1
Cnidaria	b5vtieo0	Montipora palawanensis	GCA_964330385.1
Cnidaria	b5vtieo0	Montipora sp UDUK0000274	GCA_964205245.1
Cnidaria	b5vtieo0	Muricea muricata	GCA_963855995.1
Cnidaria	b5vtieo0	Nanomia septata	GCA_048301705.1
Cnidaria	b5vtieo0	Nausithoe racemosa	GCA_965183845.1
Cnidaria	b5vtieo0	Nematostella vectensis	GCF_932526225.1
Cnidaria	b5vtieo0	Orbicella franksi	GCA_964199315.1
Cnidaria	b5vtieo0	Palythoa caribaeorum	GCA_965234985.1
Cnidaria	b5vtieo0	Paracondylactis sinensis	GCA_054491775.1
Cnidaria	b5vtieo0	Paranemonia cinerea	GCA_965243875.1
Cnidaria	b5vtieo0	Pelagia noctiluca	GCA_963924455.1
Cnidaria	b5vtieo0	Physalia physalis	GCA_041430235.2
Cnidaria	b5vtieo0	Plumapathes pennacea	GCA_964036295.1
Cnidaria	b5vtieo0	Pocillopora damicornis	GCA_964200805.1
Cnidaria	b5vtieo0	Pocillopora grandis	GCA_964027065.2
Cnidaria	b5vtieo0	Pocillopora verrucosa	GCF_036669915.1
Cnidaria	b5vtieo0	Pseudorhiza aurosa	GCA_964026355.1
Cnidaria	b5vtieo0	Pteroeides griseum	GCA_964659595.1
Cnidaria	b5vtieo0	Rhodactis osculifera	GCA_965240485.1
Cnidaria	b5vtieo0	Ricordea florida	GCA_949710005.1
Cnidaria	b5vtieo0	Scolanthus callimorphus	GCA_033964015.1
Cnidaria	b5vtieo0	Sertularella gayi	GCA_965641995.1
Cnidaria	b5vtieo0	Siderastrea radians	GCA_964017195.1
Cnidaria	b5vtieo0	Siderastrea siderea	GCA_964030785.1
Cnidaria	b5vtieo0	Stephanocoenia intersepta	GCA_965112835.1
Cnidaria	b5vtieo0	Stylophora pistillata	GCA_964205215.1
Cnidaria	b5vtieo0	Tubastraea coccinea	GCA_977035595.1
Cnidaria	b5vtieo0	Turbinaria reniformis	GCA_964204835.1
Cnidaria	b5vtieo0	Turritopsis rubra	GCA_039566895.2
Cnidaria	b5vtieo0	Veretillum cynomorium	GCA_965118255.1
Discoba	gcra9d9y	Angomonas deanei	GCA_903995115.1
Discoba	gcra9d9y	Crithidia fasciculata	GCA_000331325.2
Discoba	gcra9d9y	Crithidia sp LVH 60A	GCA_030078075.1
Discoba	gcra9d9y	Diplonema japonicum	GCA_964019335.1
Discoba	gcra9d9y	Endotrypanum monterogeii	GCA_000333855.2
Discoba	gcra9d9y	Euglena gracilis	GCA_039621445.1
Discoba	gcra9d9y	Eutreptiella sp Long Island Sound 2002	GCA_964036045.2
Discoba	gcra9d9y	Flectonema sp DT1601	GCA_964019425.1
Discoba	gcra9d9y	Lotmaria passim	GCA_037349495.1
Discoba	gcra9d9y	Naegleria fowleri	GCA_027563055.1
Discoba	gcra9d9y	Naegleria lovaniensis	GCA_027562995.1
Discoba	gcra9d9y	Porcisia hertigi	GCF_017918235.1
Discoba	gcra9d9y	Rhynchopus euleeides	GCA_963210315.1
Discoba	gcra9d9y	Rhynchopus humris	GCA_964374155.1
Discoba	gcra9d9y	Rhynchopus sp YZ270 cl 10	GCA_964035575.1
Discoba	gcra9d9y	Tetramitus jugosus	GCA_937625935.1
Discoba	gcra9d9y	Trypanosoma brucei	GCF_000002445.2
Discoba	gcra9d9y	Trypanosoma cruzi	GCA_051170875.1
Discoba	gcra9d9y	Trypanosoma evansi	GCA_917563935.1
Discoba	gcra9d9y	Trypanosoma larimichthysi	GCA_054345675.1
Echinodermata	sx9zjl7p	Acanthaster planci	GCA_054643075.1
Echinodermata	sx9zjl7p	Acrocnida brachiata	GCA_973358045.1
Echinodermata	sx9zjl7p	Actinopyga flammea	GCA_978019465.1
Echinodermata	sx9zjl7p	Amphiura filiformis	GCF_039555335.1
Echinodermata	sx9zjl7p	Anseropoda placenta	GCA_965124015.1
Echinodermata	sx9zjl7p	Antedon bifida	GCF_963402885.1
Echinodermata	sx9zjl7p	Antedon mediterranea	GCF_964355755.1
Echinodermata	sx9zjl7p	Arbacia lixula	GCA_963669155.1
Echinodermata	sx9zjl7p	Asterina gibbosa Pennant 1777	GCA_965641785.1
Echinodermata	sx9zjl7p	Asterina phylactica	GCA_964213155.1
Echinodermata	sx9zjl7p	Astropecten irregularis	GCA_963971285.1
Echinodermata	sx9zjl7p	Astrospartus mediterraneus	GCA_964277075.1
Echinodermata	sx9zjl7p	Cenometra bella	GCA_051362135.1
Echinodermata	sx9zjl7p	Cercodemas anceps	GCA_051549935.1
Echinodermata	sx9zjl7p	Diadema setosum	GCF_964275005.1
Echinodermata	sx9zjl7p	Echinaster sepositus	GCA_964619385.1
Echinodermata	sx9zjl7p	Echinocardium cordatum	GCA_965644145.1
Echinodermata	sx9zjl7p	Echinometra lucunter	GCA_029962745.1
Echinodermata	sx9zjl7p	Echinometra mathaei	GCA_978021865.1
Echinodermata	sx9zjl7p	Echinus esculentus	GCA_976925275.1
Echinodermata	sx9zjl7p	Glyptometra sp CNS01629	GCA_055474125.1
Echinodermata	sx9zjl7p	Gracilechinus acutus	GCA_965197335.1
Echinodermata	sx9zjl7p	Heliocidaris crassispina	GCA_044090015.1
Echinodermata	sx9zjl7p	Heliocidaris erythrogramma	GCA_025617745.1
Echinodermata	sx9zjl7p	Heliocidaris tuberculata	GCA_025618425.1
Echinodermata	sx9zjl7p	Holothuria fuscocinerea	GCA_050947865.1
Echinodermata	sx9zjl7p	Holothuria leucospilota	GCA_029531755.1
Echinodermata	sx9zjl7p	Holothuria ocellata	GCA_050613385.1
Echinodermata	sx9zjl7p	Holothuria poli	GCA_981692425.1
Echinodermata	sx9zjl7p	Holothuria sanctori	GCA_964304565.2
Echinodermata	sx9zjl7p	Holothuria scabra	GCA_037179385.1
Echinodermata	sx9zjl7p	Isostichopus fuscus	GCA_051397855.1
Echinodermata	sx9zjl7p	Leptometra celtica	GCA_964341645.1
Echinodermata	sx9zjl7p	Linckia guildingi	GCA_977071125.1
Echinodermata	sx9zjl7p	Linckia multifora	GCA_977007085.1
Echinodermata	sx9zjl7p	Luidia sarsii	GCA_949987565.1
Echinodermata	sx9zjl7p	Lytechinus pictus	GCF_037042905.1
Echinodermata	sx9zjl7p	Lytechinus variegatus	GCF_018143015.1
Echinodermata	sx9zjl7p	Marthasterias glacialis	GCA_911728455.2
Echinodermata	sx9zjl7p	Mesocentrotus franciscanus	GCA_037976565.1
Echinodermata	sx9zjl7p	Mesocentrotus nudus	GCA_055472035.1
Echinodermata	sx9zjl7p	Ophiocomina nigra	GCA_965119575.1
Echinodermata	sx9zjl7p	Ophioderma longicauda	GCA_965120465.1
Echinodermata	sx9zjl7p	Ophiura sarsii	GCA_043643665.1
Echinodermata	sx9zjl7p	Patiria pectinifera	GCA_029964075.1
Echinodermata	sx9zjl7p	Pisaster ochraceus	GCA_010994315.2
Echinodermata	sx9zjl7p	Plazaster borealis	GCA_021014325.1
Echinodermata	sx9zjl7p	Pycnopodia helianthoides	GCA_032158295.1
Echinodermata	sx9zjl7p	Sphaerechinus granularis	GCA_964657215.1
Echinodermata	sx9zjl7p	Stichopus chloronotus	GCA_021234535.1
Echinodermata	sx9zjl7p	Stichopus fusiformiossa	GCA_047655345.1
Echinodermata	sx9zjl7p	Zoroaster sp YZ 2022	GCA_029582265.1
Fungi	fh1kg88z	Acrodontium crateriforme	GCA_033807595.1
Fungi	fh1kg88z	Agaricus bisporus	GCA_000300575.2
Fungi	fh1kg88z	Allantophomopsis lycopodina	GCA_024752465.1
Fungi	fh1kg88z	Alternaria brassicae	GCA_036768465.1
Fungi	fh1kg88z	Amanita rubescens	GCA_965266955.1
Fungi	fh1kg88z	Annulohypoxylon stygium	GCA_040126005.1
Fungi	fh1kg88z	Anthracocystis panici leucophaei	GCA_014826065.1
Fungi	fh1kg88z	Antonospora locustae	GCA_007674295.1
Fungi	fh1kg88z	Apiotrichum mycotoxinovorans	GCA_013177335.1
Fungi	fh1kg88z	Arachnomyces sp KDTOL00113	GCA_949709995.1
Fungi	fh1kg88z	Arachnopeziza aurata	GCA_051247085.1
Fungi	fh1kg88z	Arcopilus aureus	GCA_054372435.1
Fungi	fh1kg88z	Aureobasidium pullulans	GCA_043161985.1
Fungi	fh1kg88z	Auricularia sp M12	GCA_037042885.1
Fungi	fh1kg88z	Australozyma saopauloensis	GCF_035610405.1
Fungi	fh1kg88z	Austropuccinia psidii	GCA_023105745.2
Fungi	fh1kg88z	Barnettozyma sp AR 2024b	GCA_049863505.1
Fungi	fh1kg88z	Batrachochytrium dendrobatidis	GCA_048537975.1
Fungi	fh1kg88z	Blastobotrys aristatus	GCA_946409495.1
Fungi	fh1kg88z	Boletus edulis	GCA_054741165.1
Fungi	fh1kg88z	Botrytis cinerea	GCF_000143535.2
Fungi	fh1kg88z	Brettanomyces nanus	GCF_011074865.1
Fungi	fh1kg88z	Candida albicans	GCF_000182965.3
Fungi	fh1kg88z	Candida hispaniensis	GCA_900535975.1
Fungi	fh1kg88z	Candida zeylanoides	GCA_031851675.1
Fungi	fh1kg88z	Candidozyma haemuli	GCA_019332025.1
Fungi	fh1kg88z	Cenococcum geophilum	GCA_050273025.1
Fungi	fh1kg88z	Ceratobasidium cereale	GCA_049000075.1
Fungi	fh1kg88z	Cladobotryum mycophilum	GCA_036429605.1
Fungi	fh1kg88z	Cladonia diversa	GCA_964605785.1
Fungi	fh1kg88z	Clavaria fumosa	GCA_951802425.1
Fungi	fh1kg88z	Clavispora lusitaniae	GCA_050916175.1
Fungi	fh1kg88z	Clitopilus prunulus	GCA_965649405.1
Fungi	fh1kg88z	Clonostachys rosea	GCA_054828895.1
Fungi	fh1kg88z	Colletotrichum graminicola	GCA_029226625.1
Fungi	fh1kg88z	Collybia sordida	GCA_964235245.1
Fungi	fh1kg88z	Coprinellus micaceus	GCA_951394405.1
Fungi	fh1kg88z	Cordyceps javanica	GCA_051103115.1
Fungi	fh1kg88z	Cryphonectria parasitica	GCA_018104285.1
Fungi	fh1kg88z	Cryptococcus bacillisporus	GCF_000836335.1
Fungi	fh1kg88z	Cryptococcus depauperatus	GCF_001720195.1
Fungi	fh1kg88z	Cryptococcus floricola	GCA_006352305.1
Fungi	fh1kg88z	Cryptococcus neoformans	GCF_000149245.1
Fungi	fh1kg88z	Cryptococcus sp DSM 104548	GCA_036426225.1
Fungi	fh1kg88z	Cryptococcus wingfieldii	GCA_006149155.1
Fungi	fh1kg88z	Cryptotrichosporon brontae	GCA_977066725.1
Fungi	fh1kg88z	Cunninghamella blakesleeana	GCA_054130635.1
Fungi	fh1kg88z	Cutaneotrichosporon cavernicola	GCF_030864355.1
Fungi	fh1kg88z	Cyberlindnera jadinii	GCA_000328385.1
Fungi	fh1kg88z	Cytospora mali	GCA_000818155.1
Fungi	fh1kg88z	Dactylellina haptotyla	GCA_031310005.1
Fungi	fh1kg88z	Debaryomyces hansenii	GCF_000006445.2
Fungi	fh1kg88z	Debaryomycetaceae sp JAC 2022a	GCA_032598715.1
Fungi	fh1kg88z	Dictyophora rubrovolvata	GCA_029959195.1
Fungi	fh1kg88z	Didymella arachidicola	GCA_016630955.3
Fungi	fh1kg88z	Discula destructiva	GCA_965644035.1
Fungi	fh1kg88z	Diutina rugosa	GCA_965362145.1
Fungi	fh1kg88z	Encephalitozoon hellem	GCF_000277815.2
Fungi	fh1kg88z	Ephebe lanata	GCA_965113265.1
Fungi	fh1kg88z	Eremothecium gossypii	GCF_000091025.4
Fungi	fh1kg88z	Eutypella sp QS 31	GCA_054134705.1
Fungi	fh1kg88z	Exobasidium rhododendri	GCA_026210745.1
Fungi	fh1kg88z	Exophiala lecanii corni	GCA_003955835.1
Fungi	fh1kg88z	Flammulina velutipes	GCA_011800155.1
Fungi	fh1kg88z	Floccularia luteovirens	GCA_052855235.1
Fungi	fh1kg88z	Fomitopsis pulvina	GCA_964035675.1
Fungi	fh1kg88z	Fusarium musae	GCF_019915245.1
Fungi	fh1kg88z	Gaeumannomyces avenae	GCA_051938895.1
Fungi	fh1kg88z	Galerina mutabilis	GCA_977035705.1
Fungi	fh1kg88z	Ganoderma boninense	GCA_002900995.3
Fungi	fh1kg88z	Gerronema lapidescens	GCA_052815655.1
Fungi	fh1kg88z	Grifola frondosa	GCA_041464085.1
Fungi	fh1kg88z	Gyroporus aff castaneus	GCA_965788925.1
Fungi	fh1kg88z	Hamiltosporidium tvaerminnensis	GCA_022605425.2
Fungi	fh1kg88z	Hanseniaspora uvarum	GCA_050947715.1
Fungi	fh1kg88z	Hemileia vastatrix	GCA_054948715.1
Fungi	fh1kg88z	Henningerozyma blattae	GCF_000315915.1
Fungi	fh1kg88z	Hericium erinaceus	GCA_006506795.2
Fungi	fh1kg88z	Histoplasma capsulatum	GCA_017310585.1
Fungi	fh1kg88z	Huiozyma naganishii	GCF_000348985.1
Fungi	fh1kg88z	Hydnum repandum	GCA_980750255.1
Fungi	fh1kg88z	Hygrocybe punicea	GCA_963556145.1
Fungi	fh1kg88z	Hyphopichia pseudoburtonii	GCA_003856775.1
Fungi	fh1kg88z	Inocybe tigrina	GCA_964248975.1
Fungi	fh1kg88z	Irpex laceratus	GCA_051903565.1
Fungi	fh1kg88z	Ischnoderma resinosum	GCA_042608485.1
Fungi	fh1kg88z	Jaminaea pallidilutea	GCA_976943345.1
Fungi	fh1kg88z	Kazachstania africana	GCF_000304475.1
Fungi	fh1kg88z	Kluyveromyces marxianus	GCF_001417885.1
Fungi	fh1kg88z	Komagataella pastoris	GCA_001708105.1
Fungi	fh1kg88z	Kwoniella dendrophila	GCF_036810415.1
Fungi	fh1kg88z	Laburnicola rhizohalophila	GCA_039700795.1
Fungi	fh1kg88z	Lachancea fermentati	GCA_053726775.1
Fungi	fh1kg88z	Laetiporus sulphureus	GCA_927399515.3
Fungi	fh1kg88z	Lentinula edodes	GCA_030770075.1
Fungi	fh1kg88z	Leotia lubrica	GCA_965240495.1
Fungi	fh1kg88z	Lepraria neglecta	GCA_033220425.1
Fungi	fh1kg88z	Leptographium flavum	GCA_963580335.1
Fungi	fh1kg88z	Lichina pygmaea	GCA_963422465.1
Fungi	fh1kg88z	Lichtheimia ramosa	GCA_008728235.1
Fungi	fh1kg88z	Linnemannia fluviae	GCA_977013585.1
Fungi	fh1kg88z	Lyophyllum decastes	GCA_025854295.1
Fungi	fh1kg88z	Madurella fahalii	GCA_029876055.1
Fungi	fh1kg88z	Magnusiomyces clavatus	GCA_051013725.1
Fungi	fh1kg88z	Malassezia furfur	GCA_009938135.1
Fungi	fh1kg88z	Marasmius oreades	GCF_018924745.1
Fungi	fh1kg88z	Massalongia carnosa	GCA_965645245.1
Fungi	fh1kg88z	Maudiozyma bulderi	GCA_031590215.1
Fungi	fh1kg88z	Metarhizium robertsii	GCA_037177735.1
Fungi	fh1kg88z	Metschnikowia sp Fae 6	GCA_051943065.1
Fungi	fh1kg88z	Metschnikowiaceae sp FH 2024	GCA_051101175.1
Fungi	fh1kg88z	Meyerozyma guilliermondii	GCA_051546255.1
Fungi	fh1kg88z	Moesziomyces antarcticus	GCA_031214725.1
Fungi	fh1kg88z	Monascus purpureus	GCA_025999795.1
Fungi	fh1kg88z	Monosporozyma servazzii	GCA_964275055.1
Fungi	fh1kg88z	Morchella semilibera	GCA_009192285.1
Fungi	fh1kg88z	Mucor piriformis	GCA_943193625.1
Fungi	fh1kg88z	Mycena galericulata	GCA_965250825.1
Fungi	fh1kg88z	Mycosarcoma maydis	GCF_000328475.2
Fungi	fh1kg88z	Myrothecium sp GS58	GCA_054134755.1
Fungi	fh1kg88z	Nakaseomyces glabratus	GCF_010111755.1
Fungi	fh1kg88z	Nannizziopsis arthrosporioides	GCA_029635245.1
Fungi	fh1kg88z	Naumovozyma castellii	GCF_000237345.1
Fungi	fh1kg88z	Neofabraea malicorticis	GCA_047495995.1
Fungi	fh1kg88z	Neofusicoccum laricinum	GCA_029906385.1
Fungi	fh1kg88z	Neopestalotiopsis rosae	GCA_046115455.1
Fungi	fh1kg88z	Neurospora crassa	GCF_000182925.2
Fungi	fh1kg88z	Nigrospora osmanthi	GCA_029489945.1
Fungi	fh1kg88z	Ogataea polymorpha	GCA_020023485.1
Fungi	fh1kg88z	Paecilomyces variotii	GCA_003990805.1
Fungi	fh1kg88z	Pallidohirschioporus biformis	GCA_040954535.1
Fungi	fh1kg88z	Parajaminaea phylloscopi	GCA_976943335.1
Fungi	fh1kg88z	Parastagonospora nodorum	GCA_016801405.1
Fungi	fh1kg88z	Peltaster fructicola	GCA_001592805.2
Fungi	fh1kg88z	Penicillium roqueforti	GCA_030518555.1
Fungi	fh1kg88z	Phaeoclavulina alboapiculata	GCA_965217405.1
Fungi	fh1kg88z	Phlegmacium triumphans	GCA_965275855.1
Fungi	fh1kg88z	Pichia kudriavzevii	GCF_003054445.1
Fungi	fh1kg88z	Pithoascus sp SM 2023a	GCA_052083585.1
Fungi	fh1kg88z	Platismatia glauca	GCA_963556305.1
Fungi	fh1kg88z	Pleurotus cornucopiae	GCA_019677325.2
Fungi	fh1kg88z	Pneumocystis wakefieldiae	GCA_017301755.1
Fungi	fh1kg88z	Podosphaera fusca	GCA_030378345.1
Fungi	fh1kg88z	Podospora comata	GCA_017354895.1
Fungi	fh1kg88z	Puccinia graminis	GCA_002762355.2
Fungi	fh1kg88z	Purpureocillium takamizusanense	GCF_022605165.1
Fungi	fh1kg88z	Pyricularia pennisetigena	GCF_004337985.1
Fungi	fh1kg88z	Ramalina siliquosa	GCA_965218175.1
Fungi	fh1kg88z	Rhizoctonia solani	GCF_016906535.1
Fungi	fh1kg88z	Rhizophagus irregularis	GCF_026210795.1
Fungi	fh1kg88z	Rhizopus stolonifer	GCA_054954275.1
Fungi	fh1kg88z	Rhizosphaera kalkhoffii	GCA_964106605.1
Fungi	fh1kg88z	Rhodotorula toruloides	GCA_051805525.1
Fungi	fh1kg88z	Rhynchosporium graminicola	GCA_046529785.1
Fungi	fh1kg88z	Ripartites tricholoma	GCA_964187995.1
Fungi	fh1kg88z	Russula aff farinipes	GCA_964199335.1
Fungi	fh1kg88z	Saccharomyces bayanus	GCA_019431265.1
Fungi	fh1kg88z	Saccharomyces cerevisiae Schizosaccharomyces pombe fusant	GCA_047651925.1
Fungi	fh1kg88z	Saccharomycodes ludwigii	GCF_020623625.1
Fungi	fh1kg88z	Saccharomycopsis fibuligera	GCA_001936155.1
Fungi	fh1kg88z	Saitoella coloradoensis	GCA_051599425.1
Fungi	fh1kg88z	Salmacisia buchloeana	GCA_029952725.1
Fungi	fh1kg88z	Sanghuangporus weigelae	GCA_033182465.1
Fungi	fh1kg88z	Savitreella phatthalungensis	GCA_051599415.1
Fungi	fh1kg88z	Scheffersomyces stipitis	GCF_000209165.1
Fungi	fh1kg88z	Schizosaccharomyces japonicus	GCA_032883015.1
Fungi	fh1kg88z	Sinodiscula theae sinensis	GCA_051027275.1
Fungi	fh1kg88z	Somion occarium	GCA_964035595.1
Fungi	fh1kg88z	Sparassis latifolia	GCA_018466975.1
Fungi	fh1kg88z	Sphaerulina musiva	GCA_052057135.1
Fungi	fh1kg88z	Sporisorium scitamineum	GCA_053455765.1
Fungi	fh1kg88z	Sugiyamaella lignohabitans	GCF_001640025.1
Fungi	fh1kg88z	Suillus bovinus	GCA_046055875.1
Fungi	fh1kg88z	Sungouiella intermedia	GCA_900106115.1
Fungi	fh1kg88z	Sympodiomycopsis kandeliae	GCA_976943355.1
Fungi	fh1kg88z	Taiwanofungus camphoratus	GCA_003999685.1
Fungi	fh1kg88z	Talaromyces funiculosus	GCA_004299765.1
Fungi	fh1kg88z	Tausonia pullulans	GCA_951802195.1
Fungi	fh1kg88z	Tetrapisispora phaffii	GCF_000236905.1
Fungi	fh1kg88z	Thielaviopsis punctulata	GCA_036034705.1
Fungi	fh1kg88z	Torulaspora delbrueckii	GCF_000243375.1
Fungi	fh1kg88z	Tremella fuciformis	GCA_032768795.1
Fungi	fh1kg88z	Tricholoma hemisulphureum	GCA_964034925.1
Fungi	fh1kg88z	Trichophyton tonsurans	GCA_047301375.1
Fungi	fh1kg88z	Trichosporon asahii	GCA_044759035.1
Fungi	fh1kg88z	Trichothecium roseum	GCA_026184415.1
Fungi	fh1kg88z	Umbilicaria deusta	GCA_964340765.1
Fungi	fh1kg88z	Ustilago hordei	GCA_023748715.1
Fungi	fh1kg88z	Vairimorpha necatrix	GCF_036630325.1
Fungi	fh1kg88z	Vanrija pseudolonga	GCF_020906515.1
Fungi	fh1kg88z	Venturia effusa	GCA_007735645.1
Fungi	fh1kg88z	Verticillium nonalfalfae	GCA_019551875.1
Fungi	fh1kg88z	Volvariella surrecta	GCA_951802395.1
Fungi	fh1kg88z	Wickerhamomyces anomalus	GCA_050059845.1
Fungi	fh1kg88z	Wolfiporia hoelen	GCA_043792045.1
Fungi	fh1kg88z	Xanthoria parietina	GCA_964656405.1
Fungi	fh1kg88z	Yamadazyma tenuis	GCF_029203305.1
Fungi	fh1kg88z	Yarrowia lipolytica	GCF_001761485.1
Fungi	fh1kg88z	Zygosaccharomyces rouxii	GCF_000026365.1
Fungi	fh1kg88z	Zygotorulaspora mrakii	GCF_013402915.1
Insecta	58hsuobw	Abia candens	GCA_964212075.1
Insecta	58hsuobw	Acanthococcus lagerstroemiae	GCA_031841125.1
Insecta	58hsuobw	Acrocera orbiculus	GCA_947359355.1
Insecta	58hsuobw	Acrolepiopsis assectella	GCA_966185125.1
Insecta	58hsuobw	Adalia bipunctata	GCA_910592335.1
Insecta	58hsuobw	Adelges tsugae	GCA_053542795.1
Insecta	58hsuobw	Aedes aegypti	GCF_002204515.2
Insecta	58hsuobw	Aenasius arizonensis	GCA_047562435.1
Insecta	58hsuobw	Agapetus fuscipes	GCA_951799405.1
Insecta	58hsuobw	Agonopterix heracliana	GCA_963693445.1
Insecta	58hsuobw	Agonum viduum	GCA_978021445.1
Insecta	58hsuobw	Agrilus biguttatus	GCA_963921985.1
Insecta	58hsuobw	Agrypnus murinus	GCA_929113105.1
Insecta	58hsuobw	Allantus rufocinctus	GCA_978841125.1
Insecta	58hsuobw	Alysia alticola	GCA_982375375.1
Insecta	58hsuobw	Ammophila pubescens	GCA_965247725.1
Insecta	58hsuobw	Ampulex clypecomplana	GCA_049354905.1
Insecta	58hsuobw	Anaspis maculata	GCA_949128115.1
Insecta	58hsuobw	Anopheles stephensi	GCF_013141755.1
Insecta	58hsuobw	Anthocoris nemoralis	GCA_964249955.1
Insecta	58hsuobw	Anthonomus grandis	GCF_022605725.1
Insecta	58hsuobw	Aphrophora alni	GCA_963513935.1
Insecta	58hsuobw	Aquarius paludum	GCA_052327185.1
Insecta	58hsuobw	Archilestes grandis	GCA_977012885.1
Insecta	58hsuobw	Arge ochropus	GCA_965113185.1
Insecta	58hsuobw	Athalia rosae	GCF_917208135.1
Insecta	58hsuobw	Atherix ibis	GCA_958298945.2
Insecta	58hsuobw	Athripsodes cinereus	GCA_947579605.1
Insecta	58hsuobw	Attagenus pellio	GCA_978258735.1
Insecta	58hsuobw	Atylotus rusticus	GCA_978045085.1
Insecta	58hsuobw	Bacillus rossius	GCF_032445375.1
Insecta	58hsuobw	Bactericera cockerelli	GCA_024516035.1
Insecta	58hsuobw	Bemisia tabaci	GCF_918797505.1
Insecta	58hsuobw	Beris chalybata	GCA_949128065.1
Insecta	58hsuobw	Boletina plana	GCA_977070995.1
Insecta	58hsuobw	Boreus westwoodi	GCA_981954615.1
Insecta	58hsuobw	Brachyptera risi	GCA_964007535.1
Insecta	58hsuobw	Bradysia coprophila	GCF_014529535.2
Insecta	58hsuobw	Brassicogethes aeneus	GCA_921294245.1
Insecta	58hsuobw	Callosobruchus maculatus	GCA_040182625.1
Insecta	58hsuobw	Carabus nemoralis	GCA_977790985.1
Insecta	58hsuobw	Cartodere bifasciata	GCA_963920755.1
Insecta	58hsuobw	Catops nigricans	GCA_965642125.1
Insecta	58hsuobw	Cephus spinipes	GCA_963971525.1
Insecta	58hsuobw	Ceroplastes pseudoceriferus	GCA_050872025.1
Insecta	58hsuobw	Chalcis sispes	GCA_949987625.1
Insecta	58hsuobw	Chelidurella thaleri	GCA_965178615.1
Insecta	58hsuobw	Cheumatopsyche charites	GCA_024721215.1
Insecta	58hsuobw	Chrysis angustula	GCA_965642015.1
Insecta	58hsuobw	Chrysopa pallens	GCA_020423425.1
Insecta	58hsuobw	Chrysopilus asiliformis	GCA_964034945.1
Insecta	58hsuobw	Chrysotoxum bicinctum	GCA_911387755.1
Insecta	58hsuobw	Cis bilamellatus	GCA_977930235.1
Insecta	58hsuobw	Cloeon dipterum	GCF_949628265.1
Insecta	58hsuobw	Crataerina pallida	GCA_949710015.1
Insecta	58hsuobw	Crudosilis ruficollis	GCA_978018155.1
Insecta	58hsuobw	Cryptophyllium westwoodii	GCA_055697375.1
Insecta	58hsuobw	Culicoides sonorensis	GCA_047716325.1
Insecta	58hsuobw	Cyamophila willieti	GCA_041222665.1
Insecta	58hsuobw	Dactylopius coccus	GCA_977009245.1
Insecta	58hsuobw	Dascillus cervinus	GCA_949768715.1
Insecta	58hsuobw	Dastarcus helophoroides	GCA_028583605.1
Insecta	58hsuobw	Dilophus febrilis	GCA_958336335.1
Insecta	58hsuobw	Dinocras cephalotes	GCA_965637155.1
Insecta	58hsuobw	Diogma glabrata	GCA_963693315.1
Insecta	58hsuobw	Diplazon laetatorius	GCA_963662125.1
Insecta	58hsuobw	Diprion similis	GCF_021155765.1
Insecta	58hsuobw	Dixa nubilipennis	GCA_982345085.1
Insecta	58hsuobw	Dolichovespula saxonica	GCA_911387935.1
Insecta	58hsuobw	Dromius quadrimaculatus	GCA_963989225.1
Insecta	58hsuobw	Dryococelus australis	GCA_029891345.1
Insecta	58hsuobw	Dryocosmus kuriphilus	GCA_038277395.1
Insecta	58hsuobw	Ecdyonurus torrentis	GCA_949318235.1
Insecta	58hsuobw	Elmis aenea	GCA_947652605.1
Insecta	58hsuobw	Embia tyrrhenica	GCA_965644375.1
Insecta	58hsuobw	Endomychus coccineus	GCA_958510875.1
Insecta	58hsuobw	Ephemera vulgata	GCA_977061575.1
Insecta	58hsuobw	Epicopeia hainesii	GCA_056506125.1
Insecta	58hsuobw	Eubasilissa splendida	GCA_031772225.1
Insecta	58hsuobw	Eutomostethus luteiventris	GCA_964662225.2
Insecta	58hsuobw	Gasteruption jaculator	GCA_949825005.1
Insecta	58hsuobw	Gelis areator	GCA_964059375.1
Insecta	58hsuobw	Geotrupes spiniger	GCA_959613385.1
Insecta	58hsuobw	Glyphotaelius pellucidus	GCA_936435175.1
Insecta	58hsuobw	Gomphocerus sibiricus	GCA_051013515.1
Insecta	58hsuobw	Gorytes laticinctus	GCA_977993655.1
Insecta	58hsuobw	Gryllus bimaculatus	GCA_054131365.1
Insecta	58hsuobw	Grypus equiseti	GCA_964656865.1
Insecta	58hsuobw	Hallomenus binotatus	GCA_965648495.1
Insecta	58hsuobw	Harpalus anxius	GCA_965601895.1
Insecta	58hsuobw	Heringocrania unimaculella	GCA_977014445.1
Insecta	58hsuobw	Hetaerina titia	GCA_037158775.1
Insecta	58hsuobw	Himalopsyche anomala	GCA_031772345.1
Insecta	58hsuobw	Hololepta plana	GCA_963695495.2
Insecta	58hsuobw	Hybos culiciformis	GCA_964007475.1
Insecta	58hsuobw	Hymenopus coronatus	GCA_030762935.1
Insecta	58hsuobw	Icerya purchasi	GCA_039619475.1
Insecta	58hsuobw	Ischnura senegalensis	GCA_964251815.1
Insecta	58hsuobw	Ischnus inquisitorius	GCA_963924025.1
Insecta	58hsuobw	Isoperla grammatica	GCA_945910005.1
Insecta	58hsuobw	Kerria lacca	GCA_045014175.1
Insecta	58hsuobw	Kybos smaragdulus	GCA_976954465.1
Insecta	58hsuobw	Laccobius striatulus	GCA_965654275.1
Insecta	58hsuobw	Lasiorhynchites cavifrons	GCA_976916715.1
Insecta	58hsuobw	Lasius brunneus	GCA_964261615.1
Insecta	58hsuobw	Lepisma saccharinum	GCA_977018435.1
Insecta	58hsuobw	Leuctra nigra	GCA_934045905.1
Insecta	58hsuobw	Limonia nubeculosa	GCA_977930355.1
Insecta	58hsuobw	Liopterus haemorrhoidalis	GCA_963971575.1
Insecta	58hsuobw	Liposcelis bostrychophila	GCA_037577465.1
Insecta	58hsuobw	Loboptera decipiens	GCA_964662295.2
Insecta	58hsuobw	Loensia variegata	GCA_964261705.1
Insecta	58hsuobw	Lutzomyia longipalpis	GCF_024334085.1
Insecta	58hsuobw	Lyristes plebejus	GCA_980043705.1
Insecta	58hsuobw	Machimus atricapillus	GCA_933228815.1
Insecta	58hsuobw	Macrocera phalerata	GCA_978473185.1
Insecta	58hsuobw	Mantis religiosa	GCA_030765055.1
Insecta	58hsuobw	Mesopsocus fuscifrons	GCA_950004255.1
Insecta	58hsuobw	Metallyticus violacea	GCA_030762175.1
Insecta	58hsuobw	Metoecus paradoxus	GCA_965282865.1
Insecta	58hsuobw	Micropterix aruncella	GCA_944548615.1
Insecta	58hsuobw	Microrhagus pygmaeus	GCA_965643785.1
Insecta	58hsuobw	Mongoloraphidia duomilia	GCA_039654895.1
Insecta	58hsuobw	Mycetophagus atomarius	GCA_977112535.1
Insecta	58hsuobw	Mylabris quadripunctata	GCA_977015545.1
Insecta	58hsuobw	Myrmecophilus myrmecophilus	GCA_046865745.1
Insecta	58hsuobw	Nadezhdiella cantori	GCA_051225655.1
Insecta	58hsuobw	Nebria salina	GCA_944039245.1
Insecta	58hsuobw	Nematus trochanteratus	GCA_055731545.1
Insecta	58hsuobw	Nemophora metallica	GCA_964261965.1
Insecta	58hsuobw	Nemoura dubitans	GCA_921293005.1
Insecta	58hsuobw	Neoneuromus ignobilis	GCA_029203775.1
Insecta	58hsuobw	Nilaparvata lugens	GCF_014356525.2
Insecta	58hsuobw	Notoxus monoceros	GCA_965276455.1
Insecta	58hsuobw	Ocys tachysoides	GCA_965282375.1
Insecta	58hsuobw	Oedemera lurida	GCA_979846555.1
Insecta	58hsuobw	Opilo mollis	GCA_964338635.1
Insecta	58hsuobw	Orchesia undulata	GCA_965642315.1
Insecta	58hsuobw	Osmylus fulvicephalus	GCA_977109365.1
Insecta	58hsuobw	Panorpa germanica	GCA_963678705.1
Insecta	58hsuobw	Pedicia rivosa	GCA_963082725.1
Insecta	58hsuobw	Periplaneta americana	GCF_040183065.1
Insecta	58hsuobw	Platycleis affinis	GCA_980899315.1
Insecta	58hsuobw	Platydracus latebricola	GCA_978021435.1
Insecta	58hsuobw	Platygaster robiniae	GCA_028476575.1
Insecta	58hsuobw	Platystomos albinus	GCA_964106875.1
Insecta	58hsuobw	Plecia longiforceps	GCA_041753815.1
Insecta	58hsuobw	Polypedilum vanderplanki	GCA_018290095.1
Insecta	58hsuobw	Priocnemis perturbator	GCA_963942575.1
Insecta	58hsuobw	Prionocyphon serricornis	GCA_965648515.1
Insecta	58hsuobw	Propomacrus cypriacus	GCA_977019095.1
Insecta	58hsuobw	Prosopocoilus inquinatus	GCA_036172665.1
Insecta	58hsuobw	Protaetia brevitarsis	GCA_051903415.1
Insecta	58hsuobw	Pseudococcus jackbeardsleyi	GCA_038380155.1
Insecta	58hsuobw	Pseudoregma bambucicola	GCA_041296405.1
Insecta	58hsuobw	Pteronarcys californica	GCA_043644785.1
Insecta	58hsuobw	Ptychoptera contaminata	GCA_963942525.1
Insecta	58hsuobw	Pyrochroa serraticornis	GCA_905333025.2
Insecta	58hsuobw	Pyrocoelia pectoralis	GCA_036250285.1
Insecta	58hsuobw	Rhamphomyia laevipes	GCA_963920725.1
Insecta	58hsuobw	Salpingus planirostris	GCA_949788335.1
Insecta	58hsuobw	Scarites abbreviatus	GCA_982297035.1
Insecta	58hsuobw	Scenopinus jerei	GCA_965641765.1
Insecta	58hsuobw	Schizodactylus jimo	GCA_053542775.1
Insecta	58hsuobw	Schlechtendalia chinensis	GCA_019022885.1
Insecta	58hsuobw	Sciapus platypterus	GCA_964204755.1
Insecta	58hsuobw	Sclerodermus sp alternatusi	GCA_037305995.1
Insecta	58hsuobw	Seladonia tumulorum	GCA_913789895.3
Insecta	58hsuobw	Selandria serva	GCA_965654355.1
Insecta	58hsuobw	Sialis lutaria	GCA_949319165.1
Insecta	58hsuobw	Siphlonurus alternatus	GCA_949825025.1
Insecta	58hsuobw	Sitodiplosis mosellana	GCA_021018905.1
Insecta	58hsuobw	Stenopsyche angustata	GCA_051167455.1
Insecta	58hsuobw	Stylops aterrimus	GCA_965240395.1
Insecta	58hsuobw	Sylvicola cinctus	GCA_963854165.1
Insecta	58hsuobw	Sympetrum striolatum	GCA_947579665.1
Insecta	58hsuobw	Taeniapion urticarium	GCA_978019935.1
Insecta	58hsuobw	Tarphius canariensis	GCA_964277315.1
Insecta	58hsuobw	Tenebrio molitor	GCF_963966145.1
Insecta	58hsuobw	Tenthredo arcuata	GCA_982340865.1
Insecta	58hsuobw	Tetanocera arrogans	GCA_981115235.1
Insecta	58hsuobw	Tetrix japonica	GCA_048165185.1
Insecta	58hsuobw	Thanatophilus sinuatus	GCA_051122355.1
Insecta	58hsuobw	Thereva unica	GCA_949987705.1
Insecta	58hsuobw	Thermobia domestica	GCF_964235325.1
Insecta	58hsuobw	Thrips tabaci	GCA_040581495.1
Insecta	58hsuobw	Timema cristinae	GCA_050494535.1
Insecta	58hsuobw	Tinea pellionella	GCA_948150575.1
Insecta	58hsuobw	Tiphia minuta	GCA_971880485.1
Insecta	58hsuobw	Tipula fascipennis	GCA_965151645.1
Insecta	58hsuobw	Tischeria ekebladella	GCA_965234195.1
Insecta	58hsuobw	Torymus aiolomorphi	GCA_036365515.1
Insecta	58hsuobw	Toxorhynchites rutilus	GCF_029784135.1
Insecta	58hsuobw	Trichogramma chilonis	GCA_045269175.1
Insecta	58hsuobw	Trichopria drosophilae	GCA_030407085.1
Insecta	58hsuobw	Troglophilus ovuliformis	GCA_978019135.1
Insecta	58hsuobw	Villa cingulata	GCA_951394055.1
Insecta	58hsuobw	Xiphydria camelus	GCA_963678675.1
Insecta	58hsuobw	Xylophagus ater	GCA_963422695.1
Insecta	58hsuobw	Zeuzera pyrina	GCA_907165235.1
Missing eukaryotes	cg6grhms	Acutogordius australiensis	GCA_030555515.1
Missing eukaryotes	cg6grhms	Amphiscolops sp MND2022	GCA_964187785.1
Missing eukaryotes	cg6grhms	Balanoglossus misakiensis	GCA_040954625.2
Missing eukaryotes	cg6grhms	Bolinopsis microptera	GCF_026151205.1
Missing eukaryotes	cg6grhms	Branchiostoma belcheri	GCA_053772055.1
Missing eukaryotes	cg6grhms	Branchiostoma floridae	GCF_000003815.2
Missing eukaryotes	cg6grhms	Branchiostoma floridae x Branchiostoma belcheri	GCF_019207075.1
Missing eukaryotes	cg6grhms	Branchiostoma floridae x Branchiostoma japonicum	GCF_015852565.1
Missing eukaryotes	cg6grhms	Branchiostoma lanceolatum	GCF_035083965.1
Missing eukaryotes	cg6grhms	Capsaspora owczarzaki	GCA_055379525.1
Missing eukaryotes	cg6grhms	Convolutriloba macropyga	GCF_964194025.1
Missing eukaryotes	cg6grhms	Giardia duodenalis	GCF_000002435.2
Missing eukaryotes	cg6grhms	Giardia muris	GCA_006247105.1
Missing eukaryotes	cg6grhms	Glandiceps talaboti	GCF_964340395.1
Missing eukaryotes	cg6grhms	Gordionus sp m RMFG 2023	GCF_954871325.1
Missing eukaryotes	cg6grhms	Gordionus wolterstorffii	GCA_976986565.1
Missing eukaryotes	cg6grhms	Gordius albopunctatus	GCA_964276515.1
Missing eukaryotes	cg6grhms	Gordius sp MW1	GCA_964036665.1
Missing eukaryotes	cg6grhms	Haplodiscus bocki	GCA_965655095.1
Missing eukaryotes	cg6grhms	Hormiphora californensis	GCA_020137815.1
Missing eukaryotes	cg6grhms	Isochrysis galbana	GCA_018136815.1
Missing eukaryotes	cg6grhms	Mertensia ovum	GCA_965231305.1
Missing eukaryotes	cg6grhms	Mnemiopsis leidyi	GCA_048537945.1
Missing eukaryotes	cg6grhms	Paragordius varius	GCA_964276485.1
Missing eukaryotes	cg6grhms	Plasmodiophora brassicae	GCA_036867785.1
Missing eukaryotes	cg6grhms	Prymnesium parvum	GCA_040529105.1
Missing eukaryotes	cg6grhms	Ptychodera flava	GCF_041260155.1
Missing eukaryotes	cg6grhms	Rebecca billardiae	GCA_965240325.2
Missing eukaryotes	cg6grhms	Saccoglossus kowalevskii	GCA_978046115.1
Missing eukaryotes	cg6grhms	Spironucleus salmonicida	GCF_000497125.1
Missing eukaryotes	cg6grhms	Symsagittifera roscoffensis	GCF_963678635.1
Missing eukaryotes	cg6grhms	Trichomonas vaginalis	GCF_026262505.1
Missing eukaryotes	cg6grhms	Tritrichomonas foetus	GCA_041260205.1
Nematoda	zspca2rb	Acanthocheilonema viteae	GCA_046563165.1
Nematoda	zspca2rb	Acrobeloides maximus	GCA_964212105.1
Nematoda	zspca2rb	Acrobeloides nanus	GCA_964656895.1
Nematoda	zspca2rb	Ancylostoma duodenale	GCA_050947105.1
Nematoda	zspca2rb	Ascaris suum	GCA_013433145.1
Nematoda	zspca2rb	Auanema freiburgensis	GCA_030370435.1
Nematoda	zspca2rb	Auanema rhodensis	GCA_964057225.1
Nematoda	zspca2rb	Auanema sp APS25	GCA_964263715.1
Nematoda	zspca2rb	Auanema sp JU1809	GCA_964263695.1
Nematoda	zspca2rb	Auanema sp JU3283	GCA_964416725.1
Nematoda	zspca2rb	Auanema sp JU3284	GCA_964264295.1
Nematoda	zspca2rb	Brugia pahangi	GCA_012070555.1
Nematoda	zspca2rb	Bursaphelenchus mucronatus	GCA_025436335.1
Nematoda	zspca2rb	Cooperia oncophora	GCA_965643665.1
Nematoda	zspca2rb	Daptonema setosum	GCA_964036265.1
Nematoda	zspca2rb	Dictyocaulus viviparus	GCA_964187775.1
Nematoda	zspca2rb	Diploscapter coronatus	GCA_964036155.1
Nematoda	zspca2rb	Dirofilaria asiatica	GCA_053573785.1
Nematoda	zspca2rb	Dirofilaria immitis	GCA_053925115.1
Nematoda	zspca2rb	Ditylenchus destructor	GCA_043789845.1
Nematoda	zspca2rb	Echinomermella matsi	GCA_964256745.1
Nematoda	zspca2rb	Haemonchus contortus	GCA_000469685.2
Nematoda	zspca2rb	Heligmosomoides polygyrus	GCA_947359475.1
Nematoda	zspca2rb	Heligmosomum mixtum	GCA_965643505.1
Nematoda	zspca2rb	Heterodera glycines	GCA_052402725.1
Nematoda	zspca2rb	Heterorhabditis bacteriophora	GCA_964036235.1
Nematoda	zspca2rb	Koerneria pararmatus	GCA_964056735.1
Nematoda	zspca2rb	Litoditis marina	GCA_964036275.1
Nematoda	zspca2rb	Litomosoides sigmodontis	GCA_963070105.1
Nematoda	zspca2rb	Loa loa	GCA_039623295.1
Nematoda	zspca2rb	Meloidogyne hapla	GCA_051171035.1
Nematoda	zspca2rb	Meloidogyne hispanica	GCA_054828655.1
Nematoda	zspca2rb	Nematodirus battus	GCA_966197035.1
Nematoda	zspca2rb	Nippostrongylus brasiliensis	GCA_030553155.1
Nematoda	zspca2rb	Oesophagostomum venulosum	GCA_966212565.1
Nematoda	zspca2rb	Oscheius dolichura	GCA_932521035.1
Nematoda	zspca2rb	Oscheius myriophilus	GCA_964057215.1
Nematoda	zspca2rb	Oscheius onirici	GCA_932521025.1
Nematoda	zspca2rb	Oscheius sp DF5033	GCA_964036215.1
Nematoda	zspca2rb	Oscheius sp DF5083	GCA_964264275.1
Nematoda	zspca2rb	Oscheius sp DF5120	GCA_932521415.1
Nematoda	zspca2rb	Oscheius sp JU1182	GCA_964264175.1
Nematoda	zspca2rb	Oscheius sp JU1382	GCA_932521405.1
Nematoda	zspca2rb	Oscheius sp JU1917	GCA_964264255.1
Nematoda	zspca2rb	Oscheius sp JU75	GCA_964261265.1
Nematoda	zspca2rb	Oscheius sp JU992	GCA_964264185.1
Nematoda	zspca2rb	Oscheius sp PF1305	GCA_964264245.1
Nematoda	zspca2rb	Oscheius sp SB194	GCA_964261325.1
Nematoda	zspca2rb	Oscheius sp TWN1964	GCA_964264085.1
Nematoda	zspca2rb	Oscheius sp TWN1984	GCA_964261225.1
Nematoda	zspca2rb	Oscheius tipulae	GCA_013425905.1
Nematoda	zspca2rb	Ostertagia ostertagi	GCA_964213955.1
Nematoda	zspca2rb	Panagrolaimus detritophagus	GCA_964187885.1
Nematoda	zspca2rb	Panagrolaimus sp ES5	GCA_964249645.1
Nematoda	zspca2rb	Panagrolaimus sp JU765	GCA_964245515.1
Nematoda	zspca2rb	Panagrolaimus sp PS1579	GCA_964195575.1
Nematoda	zspca2rb	Panagrolaimus superbus	GCA_964035985.1
Nematoda	zspca2rb	Parascaris univalens	GCA_037576465.1
Nematoda	zspca2rb	Pratylenchus vulnus	GCA_054131405.1
Nematoda	zspca2rb	Pristionchus pacificus	GCA_000180635.4
Nematoda	zspca2rb	Propanagrolaimus sp LC92	GCA_964059925.1
Nematoda	zspca2rb	Sphaerolaimus hirsutus	GCA_964036195.1
Nematoda	zspca2rb	Sphaerularia bombi	GCA_964235305.1
Nematoda	zspca2rb	Spirocerca lupi	GCA_965124195.1
Nematoda	zspca2rb	Steinernema carpocapsae	GCA_000757645.3
Nematoda	zspca2rb	Steinernema hermaphroditum	GCA_030435675.2
Nematoda	zspca2rb	Thelazia callipaeda	GCA_965194785.1
Nematoda	zspca2rb	Trichinella murrelli	GCA_002221485.1
Nematoda	zspca2rb	Trichinella spiralis	GCA_000181795.3
Nematoda	zspca2rb	Trichostrongylus axei	GCA_965283065.1
Nematoda	zspca2rb	Trichostrongylus colubriformis	GCA_963978905.1
Nematoda	zspca2rb	Trichuris ovis	GCA_965601645.1
Nematoda	zspca2rb	Turbatrix aceti	GCA_963969345.1
Porifera	7bjiexcu	Acanthascus dawsoni	GCA_978045225.1
Porifera	7bjiexcu	Agelas clathrodes	GCA_965279245.1
Porifera	7bjiexcu	Agelas conifera	GCA_965122385.1
Porifera	7bjiexcu	Agelas oroides	GCA_949130485.1
Porifera	7bjiexcu	Agelas tubulata	GCA_964245335.1
Porifera	7bjiexcu	Aiolochroia crassa	GCA_964263335.1
Porifera	7bjiexcu	Aphrocallistes beatrix	GCA_963281255.1
Porifera	7bjiexcu	Aplysilla rubra	GCA_977007035.1
Porifera	7bjiexcu	Aplysina aerophoba	GCA_949841015.1
Porifera	7bjiexcu	Aplysina cauliformis	GCA_965643675.1
Porifera	7bjiexcu	Aplysina cavernicola	GCA_964659575.1
Porifera	7bjiexcu	Aplysina insularis	GCA_964270515.1
Porifera	7bjiexcu	Asconema megaatrialia	GCA_965113215.1
Porifera	7bjiexcu	Axinella damicornis	GCA_963931865.1
Porifera	7bjiexcu	Axinella dissimilis	GCA_978159415.1
Porifera	7bjiexcu	Axinella infundibuliformis	GCA_965653825.1
Porifera	7bjiexcu	Axinella polypoides	GCA_964261215.2
Porifera	7bjiexcu	Axinella verrucosa	GCA_976954875.1
Porifera	7bjiexcu	Biemna sp UH 2024	GCA_965654285.1
Porifera	7bjiexcu	Bolosoma cyanae	GCA_964258925.1
Porifera	7bjiexcu	Callyspongia manus	GCA_965112345.1
Porifera	7bjiexcu	Chondrilla australiensis	GCA_965112545.1
Porifera	7bjiexcu	Chondrilla cf caribensis	GCA_964020155.1
Porifera	7bjiexcu	Chondrosia reniformis	GCA_947172415.1
Porifera	7bjiexcu	Cliona orientalis	GCA_963930775.1
Porifera	7bjiexcu	Corbitella plagiariorum	GCA_965278765.1
Porifera	7bjiexcu	Crambe crambe	GCA_963924555.1
Porifera	7bjiexcu	Craniella infrequens	GCA_974939545.1
Porifera	7bjiexcu	Craniella zetlandica	GCA_978397455.1
Porifera	7bjiexcu	Cymbastela cantharella	GCA_977063055.1
Porifera	7bjiexcu	Cymbastela concentrica	GCA_965112925.1
Porifera	7bjiexcu	Diacarnus erythraeanus	GCA_964016965.1
Porifera	7bjiexcu	Ephydatia muelleri	GCA_049114765.1
Porifera	7bjiexcu	Eunapius fragilis	GCA_963681505.1
Porifera	7bjiexcu	Geodia hentscheli	GCA_978045175.1
Porifera	7bjiexcu	Geodia macandrewii	GCA_965151695.1
Porifera	7bjiexcu	Geodia parva	GCA_964274975.1
Porifera	7bjiexcu	Geodia phlegraei	GCA_964341465.1
Porifera	7bjiexcu	Haliclona cinerea	GCA_964277205.1
Porifera	7bjiexcu	Haliclona indistincta	GCA_964017065.1
Porifera	7bjiexcu	Halisarca dujardinii	GCA_054858975.1
Porifera	7bjiexcu	Haplosclerida sp GHC0000330	GCA_965206435.1
Porifera	7bjiexcu	Hexadella sp A XEH1ECDDD	GCA_977009195.1
Porifera	7bjiexcu	Hymeniacidon perlevis	GCA_977006895.1
Porifera	7bjiexcu	Ianthella basta	GCA_964019415.1
Porifera	7bjiexcu	Lycopodina hypogea	GCA_963969325.1
Porifera	7bjiexcu	Mycale lingua	GCA_977013855.1
Porifera	7bjiexcu	Neoschrammeniella cf bowerbankii	GCA_964374245.1
Porifera	7bjiexcu	Oscarella lobularis	GCF_947507565.1
Porifera	7bjiexcu	Pachastrella ovisternata	GCA_964263345.1
Porifera	7bjiexcu	Pachymatisma johnstonia	GCA_965653895.1
Porifera	7bjiexcu	Penares turmericolor	GCA_965152365.1
Porifera	7bjiexcu	Petrosia crassa	GCA_965785925.1
Porifera	7bjiexcu	Petrosia ficiformis	GCA_947044365.1
Porifera	7bjiexcu	Phakellia robusta	GCA_964264905.1
Porifera	7bjiexcu	Phakellia ventilabrum	GCA_964276705.1
Porifera	7bjiexcu	Phyllospongia foliascens	GCA_964212625.1
Porifera	7bjiexcu	Pleroma turbinatum	GCA_965278755.2
Porifera	7bjiexcu	Rhabdastrella globostellata	GCA_964261875.1
Porifera	7bjiexcu	Rhopaloeides odorabile	GCA_964237215.1
Porifera	7bjiexcu	Sarcotragus fasciculatus	GCA_977035925.1
Porifera	7bjiexcu	Spheciospongia papillosa	GCA_965235015.2
Porifera	7bjiexcu	Spongia lamella	GCA_963930835.2
Porifera	7bjiexcu	Spongia officinalis	GCA_964213935.1
Porifera	7bjiexcu	Spongilla lacustris	GCA_949361645.1
Porifera	7bjiexcu	Stelletta rhaphidiophora	GCA_965196945.1
Porifera	7bjiexcu	Suberites ficus	GCA_977118375.1
Porifera	7bjiexcu	Suberites sp UCMPWC859	GCA_964274175.1
Porifera	7bjiexcu	Sycon ciliatum	GCF_964019385.1
Porifera	7bjiexcu	Tethya californiana	GCA_964205185.2
Porifera	7bjiexcu	Thenea valdiviae	GCA_964340815.1
Porifera	7bjiexcu	Theonella swinhoei	GCA_963970385.1
Porifera	7bjiexcu	Weberella bursa	GCA_965644515.1
Porifera	7bjiexcu	Xestospongia bergquistia	GCA_963965975.1
Porifera	7bjiexcu	Xestospongia muta	GCA_963693285.1
Rhodophyta	6kmw3wme	Alsidium corallinum	GCA_980437035.1
Rhodophyta	6kmw3wme	Asparagopsis taxiformis	GCA_018397955.1
Rhodophyta	6kmw3wme	Bostrychia moritziana	GCA_050630625.1
Rhodophyta	6kmw3wme	Cyanidium caldarium	GCA_019693505.1
Rhodophyta	6kmw3wme	Dudresnaya verticillata	GCA_977862235.1
Rhodophyta	6kmw3wme	Eucheuma denticulatum	GCA_054131385.1
Rhodophyta	6kmw3wme	Gracilaria caudata	GCA_030374735.1
Rhodophyta	6kmw3wme	Gracilaria domingensis	GCA_022539475.1
Rhodophyta	6kmw3wme	Gracilaria vermiculophylla	GCA_054346105.1
Rhodophyta	6kmw3wme	Gulsonia nodulosa	GCA_965246695.1
Rhodophyta	6kmw3wme	Kappaphycus striatus	GCA_043790055.1
Rhodophyta	6kmw3wme	Lithophyllum stictiforme	GCA_979254575.1
Rhodophyta	6kmw3wme	Osmundea hybrida	GCA_965362265.2
Rhodophyta	6kmw3wme	Phymatolithon calcareum	GCA_977006965.1
Rhodophyta	6kmw3wme	Porphyra dioica	GCA_981602585.1
Rhodophyta	6kmw3wme	Porphyra linearis	GCA_981691865.1
Rhodophyta	6kmw3wme	Porphyra umbilicalis	GCA_002049455.2
Rhodophyta	6kmw3wme	Porphyridium purpureum	GCA_019702435.1
Rhodophyta	6kmw3wme	Pyropia haitanensis	GCA_008729055.1
Rhodophyta	6kmw3wme	Pyropia yezoensis	GCA_009829735.1
Spiralia	v5ej8oyt	Acanthochitona fascicularis	GCA_965278365.1
Spiralia	v5ej8oyt	Acanthosepion esculentum	GCA_964036315.1
Spiralia	v5ej8oyt	Acharax haimaensis	GCA_054136115.1
Spiralia	v5ej8oyt	Achatina immaculata	GCA_009760885.1
Spiralia	v5ej8oyt	Acholoe squamosa	GCA_949317995.1
Spiralia	v5ej8oyt	Ailoscolex lacteospumosus	GCA_965183755.1
Spiralia	v5ej8oyt	Albinaria teres	GCA_964271275.2
Spiralia	v5ej8oyt	Alentia gelatinosa	GCA_950022655.1
Spiralia	v5ej8oyt	Aliger gallus	GCA_978021195.1
Spiralia	v5ej8oyt	Alitta virens	GCA_932294295.1
Spiralia	v5ej8oyt	Allolobophora icterica	GCA_963556255.1
Spiralia	v5ej8oyt	Alviniconcha hessleri	GCA_965642515.1
Spiralia	v5ej8oyt	Amphiduros pacificus	GCA_949316495.1
Spiralia	v5ej8oyt	Amynthas aspergillum	GCA_049355025.1
Spiralia	v5ej8oyt	Anadara kagoshimensis	GCA_021292105.1
Spiralia	v5ej8oyt	Anisus vortex	GCA_949126835.1
Spiralia	v5ej8oyt	Anoplocephala perfoliata	GCA_054883415.1
Spiralia	v5ej8oyt	Antalis vulgaris	GCA_977070855.1
Spiralia	v5ej8oyt	Archivesica marissinica	GCA_014843695.1
Spiralia	v5ej8oyt	Arenicola marina	GCA_964019135.1
Spiralia	v5ej8oyt	Arion vulgaris	GCA_020796225.1
Spiralia	v5ej8oyt	Atrina pectinata	GCA_045489415.1
Spiralia	v5ej8oyt	Bathyacmaea lactea	GCA_053477725.1
Spiralia	v5ej8oyt	Bathymodiolus thermophilus	GCA_971856555.1
Spiralia	v5ej8oyt	Bispira polyomma	GCA_965649765.1
Spiralia	v5ej8oyt	Bithynia leachii	GCA_977064325.1
Spiralia	v5ej8oyt	Bolma rugosa	GCA_964656265.1
Spiralia	v5ej8oyt	Bradybaena similaris	GCA_050415755.1
Spiralia	v5ej8oyt	Branchellion lobata	GCA_947562095.1
Spiralia	v5ej8oyt	Branchiomma bombyx	GCA_977089965.1
Spiralia	v5ej8oyt	Branchipolynoe longqiensis	GCA_030323885.1
Spiralia	v5ej8oyt	Bugula neritina	GCA_964035545.1
Spiralia	v5ej8oyt	Bullacta caurina	GCA_051558385.1
Spiralia	v5ej8oyt	Callochiton septemvalvis	GCA_047826735.1
Spiralia	v5ej8oyt	Carpetania matritensis	GCA_964026615.1
Spiralia	v5ej8oyt	Catillopecten margaritatus	GCA_055258895.1
Spiralia	v5ej8oyt	Chaetoderma sp LZ 2023a	GCA_034401795.1
Spiralia	v5ej8oyt	Chiton olivaceus	GCA_964264625.4
Spiralia	v5ej8oyt	Cipangopaludina chinensis	GCA_050437285.1
Spiralia	v5ej8oyt	Cochlostoma elegans	GCA_965636705.1
Spiralia	v5ej8oyt	Conchocele bisecta	GCA_029237695.1
Spiralia	v5ej8oyt	Congeria kusceri	GCA_027627225.1
Spiralia	v5ej8oyt	Conus textile	GCA_055473965.1
Spiralia	v5ej8oyt	Costasiella ocellifera	GCA_978018115.1
Spiralia	v5ej8oyt	Crassostrea virginica	GCF_053477285.1
Spiralia	v5ej8oyt	Cryptosula pallasiana	GCA_945261195.1
Spiralia	v5ej8oyt	Ctena cf galapagana NHMUK 20210086	GCA_974392585.1
Spiralia	v5ej8oyt	Ctenoides mitis	GCA_978015095.1
Spiralia	v5ej8oyt	Cyathermia naticoides	GCA_975147075.1
Spiralia	v5ej8oyt	Cypraea tigris	GCA_977966385.1
Spiralia	v5ej8oyt	Daudebardia rufa	GCA_965653185.1
Spiralia	v5ej8oyt	Deshayesiella sirenkoi	GCA_045838535.1
Spiralia	v5ej8oyt	Dicrocoelium dendriticum	GCA_944474145.2
Spiralia	v5ej8oyt	Doryteuthis pealeii	GCA_023376005.1
Spiralia	v5ej8oyt	Echinococcus multilocularis	GCA_052522705.1
Spiralia	v5ej8oyt	Eledone cirrhosa	GCA_964016885.1
Spiralia	v5ej8oyt	Elysia timida	GCA_043644045.1
Spiralia	v5ej8oyt	Ensis siliqua	GCA_978270025.1
Spiralia	v5ej8oyt	Enteroxenos oestergreni	GCA_976914345.1
Spiralia	v5ej8oyt	Epitonium clathrus	GCA_977870945.1
Spiralia	v5ej8oyt	Erpobdella octoculata	GCA_963978895.1
Spiralia	v5ej8oyt	Escarpia spicata	GCA_963995525.1
Spiralia	v5ej8oyt	Eulalia xanthomucosa	GCA_977831505.1
Spiralia	v5ej8oyt	Eupolymnia gili	GCA_977009705.1
Spiralia	v5ej8oyt	Euthalenessa oculata	GCA_965113345.1
Spiralia	v5ej8oyt	Fimbriosthenelais zetlandica	GCA_977030845.1
Spiralia	v5ej8oyt	Flabesymbios commensalis	GCA_964017125.1
Spiralia	v5ej8oyt	Flaccisagitta enflata	GCA_965153355.1
Spiralia	v5ej8oyt	Gastrolepidia clavigera	GCA_974915175.1
Spiralia	v5ej8oyt	Gibbosula rochechouartii	GCA_054850785.1
Spiralia	v5ej8oyt	Glycera tridactyla	GCA_965644265.1
Spiralia	v5ej8oyt	Glycymeris glycymeris	GCA_978048415.1
Spiralia	v5ej8oyt	Haliotis ovina	GCA_977061855.1
Spiralia	v5ej8oyt	Halosydna brevisetosa	GCA_977066635.1
Spiralia	v5ej8oyt	Haplosyllis sp GHC0000112	GCA_965117155.1
Spiralia	v5ej8oyt	Harmothoe impar	GCA_947462335.1
Spiralia	v5ej8oyt	Hermodice carunculata	GCA_964020975.1
Spiralia	v5ej8oyt	Heteranomia squamula	GCA_964263325.1
Spiralia	v5ej8oyt	Hirudo nipponia	GCA_040113095.1
Spiralia	v5ej8oyt	Hymenolepis microstoma	GCA_000469805.3
Spiralia	v5ej8oyt	Hyotissa hyotis	GCA_051557925.1
Spiralia	v5ej8oyt	Illex coindetii	GCA_977009265.1
Spiralia	v5ej8oyt	Iphione sp A MEVVRFRX5	GCA_976226885.1
Spiralia	v5ej8oyt	Ischnochiton rissoi	GCA_965250495.2
Spiralia	v5ej8oyt	Isognomon alatus	GCA_977066705.1
Spiralia	v5ej8oyt	Kellia suborbicularis	GCA_977998095.1
Spiralia	v5ej8oyt	Laetmonice hystrix	GCA_965235115.1
Spiralia	v5ej8oyt	Laevicardium crassum	GCA_964662305.1
Spiralia	v5ej8oyt	Lamellibrachia barhami	GCA_965112235.1
Spiralia	v5ej8oyt	Leodice harassii	GCA_965649835.1
Spiralia	v5ej8oyt	Lepidochitona cinerea	GCA_963971465.1
Spiralia	v5ej8oyt	Lepidonotus clava	GCA_975302155.1
Spiralia	v5ej8oyt	Leucocephalonemertes aurantiaca	GCA_977061895.1
Spiralia	v5ej8oyt	Lima caribaea	GCA_977909015.1
Spiralia	v5ej8oyt	Limacia clavigera	GCA_977872505.1
Spiralia	v5ej8oyt	Limaria hians	GCA_965230825.1
Spiralia	v5ej8oyt	Limnoperna fortunei	GCA_944474755.1
Spiralia	v5ej8oyt	Lineus longissimus	GCF_910592395.1
Spiralia	v5ej8oyt	Lingula anatina	GCA_051362555.1
Spiralia	v5ej8oyt	Liolophura sinensis	GCF_032854445.1
Spiralia	v5ej8oyt	Littorina littorea	GCA_964330335.1
Spiralia	v5ej8oyt	Lotoria lotoria	GCA_977112875.1
Spiralia	v5ej8oyt	Macomangulus tenuis	GCA_964059415.1
Spiralia	v5ej8oyt	Mactra quadrangularis	GCA_025267735.1
Spiralia	v5ej8oyt	Magelona johnstoni	GCA_963942565.1
Spiralia	v5ej8oyt	Marifugia cavatica	GCA_964291435.1
Spiralia	v5ej8oyt	Marionia blainvillea	GCA_965362205.1
Spiralia	v5ej8oyt	Meledella werneri	GCA_977872495.1
Spiralia	v5ej8oyt	Melinna palmata	GCA_982090105.1
Spiralia	v5ej8oyt	Membranipora membranacea	GCA_914767715.1
Spiralia	v5ej8oyt	Mimachlamys varia	GCA_947623455.1
Spiralia	v5ej8oyt	Modiolus barbatus	GCA_977971965.1
Spiralia	v5ej8oyt	Monacha cantiana	GCA_964261925.1
Spiralia	v5ej8oyt	Monoplex corrugatus	GCA_030674185.1
Spiralia	v5ej8oyt	Mya arenaria	GCF_026914265.1
Spiralia	v5ej8oyt	Mytilisepta virgata	GCA_028015205.1
Spiralia	v5ej8oyt	Mytilus edulis	GCF_963676685.1
Spiralia	v5ej8oyt	Nassarius nitidus	GCA_975086585.1
Spiralia	v5ej8oyt	Naticarius hebraeus	GCA_964341215.1
Spiralia	v5ej8oyt	Nautilus macromphalus	GCA_976954165.1
Spiralia	v5ej8oyt	Nemesignis banyulensis	GCA_965263765.1
Spiralia	v5ej8oyt	Neoechinorhynchus agilis	GCA_051530055.1
Spiralia	v5ej8oyt	Neptunea cumingii	GCA_055474155.1
Spiralia	v5ej8oyt	Nerita plicata	GCA_977112095.1
Spiralia	v5ej8oyt	Nipponacmea schrenckii	GCA_030562195.1
Spiralia	v5ej8oyt	Norana najaformis	GCA_964023275.1
Spiralia	v5ej8oyt	Oasisia sp SBJ 2009	GCA_964017155.1
Spiralia	v5ej8oyt	Ochetostoma sp New Caledonia	GCA_977019775.1
Spiralia	v5ej8oyt	Omphiscola glabra	GCA_964017045.1
Spiralia	v5ej8oyt	Onchidella celtica	GCA_963931925.1
Spiralia	v5ej8oyt	Oncomelania hupensis	GCA_036898135.1
Spiralia	v5ej8oyt	Ophelia neglecta	GCA_965285935.1
Spiralia	v5ej8oyt	Opisthorchis viverrini	GCA_964213165.1
Spiralia	v5ej8oyt	Osedax frankpressi	GCA_964035775.1
Spiralia	v5ej8oyt	Ovula ovum	GCA_977061905.1
Spiralia	v5ej8oyt	Panopea generosa	GCA_029582155.1
Spiralia	v5ej8oyt	Paraescarpia echinospica	GCA_020002185.1
Spiralia	v5ej8oyt	Parasmittina trispinosa	GCA_977089985.1
Spiralia	v5ej8oyt	Paraspadella gotoi	GCA_051294375.1
Spiralia	v5ej8oyt	Patella vulgata	GCF_932274485.2
Spiralia	v5ej8oyt	Paucibranchia bellii	GCA_977009275.1
Spiralia	v5ej8oyt	Peltodoris atromaculata	GCA_965112245.2
Spiralia	v5ej8oyt	Perkinsiana rubra	GCA_965742485.1
Spiralia	v5ej8oyt	Phorcus turbinatus	GCA_965237135.1
Spiralia	v5ej8oyt	Phoronis australis	GCA_055505105.1
Spiralia	v5ej8oyt	Phyllodoce medipapillata	GCA_964656445.1
Spiralia	v5ej8oyt	Phymorhynchus buccinoides	GCA_017654935.2
Spiralia	v5ej8oyt	Pictodentalium vernedei	GCA_031216915.1
Spiralia	v5ej8oyt	Pinctada fucata	GCA_028142955.1
Spiralia	v5ej8oyt	Piscicola geometra	GCA_943735955.1
Spiralia	v5ej8oyt	Placobdella costata	GCA_964276725.1
Spiralia	v5ej8oyt	Poecilozonites bermudensis	GCA_053573765.1
Spiralia	v5ej8oyt	Pomacea canaliculata	GCF_003073045.1
Spiralia	v5ej8oyt	Protula sp h YS 2021	GCA_949752745.1
Spiralia	v5ej8oyt	Pseudobiceros splendidus	GCA_965235105.1
Spiralia	v5ej8oyt	Pterobdella sp o SKG 2022	GCA_964035795.1
Spiralia	v5ej8oyt	Rhynchopelta concentrica	GCA_964300365.1
Spiralia	v5ej8oyt	Rochia nilotica	GCA_978019575.1
Spiralia	v5ej8oyt	Ruditapes decussatus	GCA_977926895.1
Spiralia	v5ej8oyt	Sabella spallanzanii	GCA_964340945.1
Spiralia	v5ej8oyt	Sabellastarte sp h YS 2021	GCA_964017235.1
Spiralia	v5ej8oyt	Schizoporella errata	GCA_980783175.1
Spiralia	v5ej8oyt	Schmidtea polychroa	GCA_044892525.1
Spiralia	v5ej8oyt	Sclerolinum annulatum	GCA_978021825.1
Spiralia	v5ej8oyt	Scurria scurra	GCA_044232375.1
Spiralia	v5ej8oyt	Sepiola affinis	GCA_964339045.1
Spiralia	v5ej8oyt	Serpula vermicularis	GCA_966197015.1
Spiralia	v5ej8oyt	Siboglinum fiordicum	GCA_965260885.1
Spiralia	v5ej8oyt	Sigalion mathildae	GCA_977061885.1
Spiralia	v5ej8oyt	Sinanodonta woodiana	GCA_046254885.1
Spiralia	v5ej8oyt	Sinospelaeobdella cavatuses	GCA_041222645.1
Spiralia	v5ej8oyt	Siphonaria pectinata	GCA_978134735.1
Spiralia	v5ej8oyt	Siphonodentalium dalli	GCA_032622095.1
Spiralia	v5ej8oyt	Sipunculus nudus	GCA_026874595.2
Spiralia	v5ej8oyt	Sparganum proliferum	GCA_053814205.1
Spiralia	v5ej8oyt	Sphaerium corneum	GCA_965230695.1
Spiralia	v5ej8oyt	Spirometra sp Aus1	GCA_051168835.1
Spiralia	v5ej8oyt	Sthenelais limicola	GCA_942159475.1
Spiralia	v5ej8oyt	Stigmatoteuthis arcturi	GCA_964276865.2
Spiralia	v5ej8oyt	Stramonita haemastoma	GCA_030674155.1
Spiralia	v5ej8oyt	Streblospio benedicti	GCA_019095985.1
Spiralia	v5ej8oyt	Striarca lactea	GCA_977012395.1
Spiralia	v5ej8oyt	Taenia pisiformis	GCA_023968675.1
Spiralia	v5ej8oyt	Testudinalia testudinalis	GCA_977013425.1
Spiralia	v5ej8oyt	Themiste lageniformis	GCA_964194385.1
Spiralia	v5ej8oyt	Thermocollonia jamsteci	GCA_049901935.1
Spiralia	v5ej8oyt	Thracia phaseolina	GCA_964274215.1
Spiralia	v5ej8oyt	Thylacodes arenarius	GCA_973495645.1
Spiralia	v5ej8oyt	Thysanoteuthis rhombus	GCA_963457665.1
Spiralia	v5ej8oyt	Triaenophorus nodulosus	GCA_977118345.1
Spiralia	v5ej8oyt	Trichobilharzia regenti	GCA_944472135.2
Spiralia	v5ej8oyt	Tricolia pullus	GCA_964273465.1
Spiralia	v5ej8oyt	Trochonerilla sp QMOUL0000090	GCA_978898905.1
Spiralia	v5ej8oyt	Tubulanus polymorphus	GCF_964204645.1
Spiralia	v5ej8oyt	Tylodina rafinesquii	GCA_978679055.1
Spiralia	v5ej8oyt	Urechis unicinctus	GCA_034190875.2
Spiralia	v5ej8oyt	Verpa penis	GCA_048126915.1
Spiralia	v5ej8oyt	Watersipora subatra	GCF_963576615.1
Spiralia	v5ej8oyt	Whitmania acranulata	GCA_041381225.1
Spiralia	v5ej8oyt	Xylophaga dorsalis	GCA_965225065.2
Stramenopiles	r6p9z9jw	Asterionellopsis sp RCC1712	GCA_977969985.1
Stramenopiles	r6p9z9jw	Bilabrum cf latius	GCA_965178125.1
Stramenopiles	r6p9z9jw	Bremia lactucae	GCF_004359215.1
Stramenopiles	r6p9z9jw	Ectocarpus siliculosus	GCA_000310025.1
Stramenopiles	r6p9z9jw	Ectocarpus sp Ec32	GCA_004764655.1
Stramenopiles	r6p9z9jw	Epithemia catenata	GCA_964019935.2
Stramenopiles	r6p9z9jw	Epithemia pelagica	GCA_946965045.2
Stramenopiles	r6p9z9jw	Fistulifera solaris	GCA_030295235.1
Stramenopiles	r6p9z9jw	Hydrurus foetidus	GCA_978795795.1
Stramenopiles	r6p9z9jw	Minutocellus sp GHC0000111	GCA_977018835.1
Stramenopiles	r6p9z9jw	Nannochloropsis gaditana	GCA_002838785.1
Stramenopiles	r6p9z9jw	Nannochloropsis oceanica	GCA_051622145.2
Stramenopiles	r6p9z9jw	Nitzschia sp DOCU1	GCA_951394045.1
Stramenopiles	r6p9z9jw	Nitzschia sp pyKryTriq1	GCA_956465555.1
Stramenopiles	r6p9z9jw	Pelagomonas sp RCC986	GCA_978041885.1
Stramenopiles	r6p9z9jw	Peronosclerospora sorghi	GCA_026184515.1
Stramenopiles	r6p9z9jw	Phaeodactylum tricornutum	GCF_000150955.2
Stramenopiles	r6p9z9jw	Phaeosaccion multiseriatum	GCA_965112735.1
Stramenopiles	r6p9z9jw	Plagiogrammopsis vanheurckii	GCA_978489235.1
Stramenopiles	r6p9z9jw	Pseudo nitzschia delicatissima	GCA_037355735.1
Stramenopiles	r6p9z9jw	Pseudo nitzschia multiseries	GCA_037355745.1
Stramenopiles	r6p9z9jw	Pseudo nitzschia pungens	GCA_037355855.1
Stramenopiles	r6p9z9jw	Pythium sp B7052 1	GCA_054083355.1
Stramenopiles	r6p9z9jw	Saccharina japonica	GCA_048937375.1
Stramenopiles	r6p9z9jw	Saccharina sculpera	GCA_052056835.1
Stramenopiles	r6p9z9jw	Skeletonema costatum	GCA_046619385.1
Stramenopiles	r6p9z9jw	Skeletonema marinoi	GCA_030544225.1
Stramenopiles	r6p9z9jw	Skeletonema tropicum	GCA_037178625.1
Stramenopiles	r6p9z9jw	Tabularia sp RCC1743	GCA_980915175.1
Stramenopiles	r6p9z9jw	Thalassiosira pseudonana	GCF_000149405.2
Stramenopiles	r6p9z9jw	Undaria pinnatifida	GCA_020975765.1
Stramenopiles	r6p9z9jw	Veerella sp RCC6043	GCA_977862215.1
Streptophyta	j9m0cdmk	Acanthochlamys bracteata	GCA_019914995.1
Streptophyta	j9m0cdmk	Acorus calamus	GCA_030737845.1
Streptophyta	j9m0cdmk	Acrolejeunea sandvicensis	GCA_050084415.1
Streptophyta	j9m0cdmk	Actinidia chinensis	GCA_051903715.1
Streptophyta	j9m0cdmk	Adiantum capillus veneris	GCA_014529385.2
Streptophyta	j9m0cdmk	Agapanthus africanus	GCA_030015575.1
Streptophyta	j9m0cdmk	Agastache foeniculum	GCA_054883455.1
Streptophyta	j9m0cdmk	Agrostemma githago	GCA_958450325.1
Streptophyta	j9m0cdmk	Akebia trifoliata	GCA_017979445.1
Streptophyta	j9m0cdmk	Alisma plantago aquatica	GCA_963693085.1
Streptophyta	j9m0cdmk	Allium cepa	GCA_030765085.1
Streptophyta	j9m0cdmk	Alpinia oxyphylla	GCA_051943365.1
Streptophyta	j9m0cdmk	Amaranthus hybridus	GCA_048406975.1
Streptophyta	j9m0cdmk	Amborella trichopoda	GCA_054954075.1
Streptophyta	j9m0cdmk	Ananas comosus	GCF_001540865.1
Streptophyta	j9m0cdmk	Anchusa arvensis	GCA_977871625.1
Streptophyta	j9m0cdmk	Andreaea nivalis	GCA_965637445.2
Streptophyta	j9m0cdmk	Annona cherimola	GCA_030490835.1
Streptophyta	j9m0cdmk	Anthurium amnicola	GCA_041870085.1
Streptophyta	j9m0cdmk	Aponogeton distachyos	GCA_965152715.1
Streptophyta	j9m0cdmk	Aquilegia vulgaris	GCA_964291885.1
Streptophyta	j9m0cdmk	Archidium alternifolium	GCA_050084235.1
Streptophyta	j9m0cdmk	Aristolochia fimbriata	GCA_019845555.1
Streptophyta	j9m0cdmk	Aulacomnium androgynum	GCA_975146365.1
Streptophyta	j9m0cdmk	Avicennia marina	GCA_019155195.1
Streptophyta	j9m0cdmk	Berberis aquifolium	GCA_965233575.1
Streptophyta	j9m0cdmk	Bertholletia excelsa	GCA_039639745.1
Streptophyta	j9m0cdmk	Blasia pusilla	GCA_050084515.1
Streptophyta	j9m0cdmk	Bougainvillea glabra	GCA_045838725.1
Streptophyta	j9m0cdmk	Brainea insignis	GCA_053925095.1
Streptophyta	j9m0cdmk	Brasenia schreberi	GCA_030142015.1
Streptophyta	j9m0cdmk	Bryoxiphium norvegicum	GCA_050084295.1
Streptophyta	j9m0cdmk	Buxus sempervirens	GCA_947561395.3
Streptophyta	j9m0cdmk	Calotropis procera	GCA_047371215.1
Streptophyta	j9m0cdmk	Camellia sinensis	GCA_055761805.1
Streptophyta	j9m0cdmk	Canna indica	GCA_034359265.1
Streptophyta	j9m0cdmk	Carallia pectinifolia	GCA_037832335.1
Streptophyta	j9m0cdmk	Carex hirta	GCA_965112215.1
Streptophyta	j9m0cdmk	Carica papaya	GCA_055471575.1
Streptophyta	j9m0cdmk	Carpobrotus edulis	GCA_965788445.1
Streptophyta	j9m0cdmk	Ceratodon purpureus	GCA_014871385.1
Streptophyta	j9m0cdmk	Chamaerops humilis	GCA_055376905.1
Streptophyta	j9m0cdmk	Chimonanthus praecox	GCA_022113865.1
Streptophyta	j9m0cdmk	Chionographis japonica	GCA_947650365.1
Streptophyta	j9m0cdmk	Chloranthus sessilifolius	GCA_021018995.1
Streptophyta	j9m0cdmk	Cibotium barometz	GCA_041138505.1
Streptophyta	j9m0cdmk	Circaeaster agrestis	GCA_047371235.1
Streptophyta	j9m0cdmk	Cistus crispus	GCA_965213365.2
Streptophyta	j9m0cdmk	Citrullus lanatus	GCA_039639715.1
Streptophyta	j9m0cdmk	Claytonia sibirica	GCA_977969855.1
Streptophyta	j9m0cdmk	Codonopsis pilosula	GCA_040869085.1
Streptophyta	j9m0cdmk	Colocasia esculenta	GCA_053894955.1
Streptophyta	j9m0cdmk	Conocephalum conicum	GCA_050084475.1
Streptophyta	j9m0cdmk	Convolvulus arvensis	GCA_964199945.1
Streptophyta	j9m0cdmk	Coptis teeta	GCA_052059685.1
Streptophyta	j9m0cdmk	Cornus controversa	GCA_026545225.1
Streptophyta	j9m0cdmk	Corydalis saxicola	GCA_047716255.1
Streptophyta	j9m0cdmk	Costus allenii	GCA_047495955.1
Streptophyta	j9m0cdmk	Crocus tommasinianus	GCA_966184185.1
Streptophyta	j9m0cdmk	Cryptocoryne crispatula	GCA_036172225.1
Streptophyta	j9m0cdmk	Cyathodium cavernarum	GCA_050084455.1
Streptophyta	j9m0cdmk	Cymodocea nodosa	GCA_036874045.1
Streptophyta	j9m0cdmk	Dendrobium nobile	GCA_022539455.1
Streptophyta	j9m0cdmk	Didymodon rigidulus	GCA_975145935.1
Streptophyta	j9m0cdmk	Dioscorea cayenensis	GCF_009730915.1
Streptophyta	j9m0cdmk	Diospyros kaki	GCA_028777405.1
Streptophyta	j9m0cdmk	Diphasiastrum complanatum	GCA_029204225.1
Streptophyta	j9m0cdmk	Diphyscium fulvifolium	GCA_050084335.1
Streptophyta	j9m0cdmk	Dipteris shenzhenensis	GCA_047967505.1
Streptophyta	j9m0cdmk	Dracaena cambodiana	GCA_036321105.2
Streptophyta	j9m0cdmk	Dysphania ambrosioides	GCA_026401315.1
Streptophyta	j9m0cdmk	Encalypta ciliata	GCA_976988785.1
Streptophyta	j9m0cdmk	Erica ciliaris	GCA_965212355.2
Streptophyta	j9m0cdmk	Erodium maritimum	GCA_963921825.1
Streptophyta	j9m0cdmk	Erythranthe guttata	GCA_051942635.1
Streptophyta	j9m0cdmk	Erythropalum scandens	GCA_051306975.1
Streptophyta	j9m0cdmk	Erythroxylum novogranatense	GCA_029891385.1
Streptophyta	j9m0cdmk	Eucommia ulmoides	GCA_016647705.1
Streptophyta	j9m0cdmk	Euonymus europaeus	GCA_963580455.1
Streptophyta	j9m0cdmk	Euphrasia confusa	GCA_954870475.1
Streptophyta	j9m0cdmk	Euptelea pleiosperma	GCA_035048495.1
Streptophyta	j9m0cdmk	Euryodendron excelsum	GCA_033060915.1
Streptophyta	j9m0cdmk	Ficus carica	GCA_042847195.1
Streptophyta	j9m0cdmk	Flueggea virosa	GCA_038789575.1
Streptophyta	j9m0cdmk	Fraxinus americana	GCA_051941045.1
Streptophyta	j9m0cdmk	Funaria hygrometrica	GCA_976987255.1
Streptophyta	j9m0cdmk	Hakea prostrata	GCA_041222555.2
Streptophyta	j9m0cdmk	Hedwigia ciliata	GCA_050084075.1
Streptophyta	j9m0cdmk	Hemerocallis citrina	GCA_017893485.1
Streptophyta	j9m0cdmk	Herbertus hutchinsiae	GCA_965112325.1
Streptophyta	j9m0cdmk	Hevea brasiliensis	GCF_030052815.1
Streptophyta	j9m0cdmk	Holcus mollis	GCA_965644105.1
Streptophyta	j9m0cdmk	Hydrangea macrophylla	GCA_033977485.1
Streptophyta	j9m0cdmk	Hypericum perforatum	GCA_965644135.1
Streptophyta	j9m0cdmk	Ilex aquifolium	GCA_951799425.1
Streptophyta	j9m0cdmk	Impatiens noli tangere	GCA_965213615.1
Streptophyta	j9m0cdmk	Iris foetidissima	GCA_964204905.1
Streptophyta	j9m0cdmk	Jacaranda mimosifolia	GCA_018894105.1
Streptophyta	j9m0cdmk	Juncus effusus	GCA_027726005.1
Streptophyta	j9m0cdmk	Lemna minuta	GCA_024174645.1
Streptophyta	j9m0cdmk	Lepidozia cupressina	GCA_965644175.1
Streptophyta	j9m0cdmk	Limonium bicolor	GCA_023374045.1
Streptophyta	j9m0cdmk	Linaria vulgaris	GCA_948329865.1
Streptophyta	j9m0cdmk	Linum usitatissimum	GCA_054134595.1
Streptophyta	j9m0cdmk	Liquidambar styraciflua	GCA_041721615.1
Streptophyta	j9m0cdmk	Lonicera japonica	GCA_021464415.1
Streptophyta	j9m0cdmk	Lunularia cruciata	GCA_948567375.1
Streptophyta	j9m0cdmk	Lygodium microphyllum	GCA_053477565.1
Streptophyta	j9m0cdmk	Magnolia kwangsiensis	GCA_037074715.1
Streptophyta	j9m0cdmk	Malania oleifera	GCF_029873635.1
Streptophyta	j9m0cdmk	Marchantia polymorpha	GCA_037833965.1
Streptophyta	j9m0cdmk	Marsupella aquatica	GCA_973895155.1
Streptophyta	j9m0cdmk	Mastigophora woodsii	GCA_965642095.1
Streptophyta	j9m0cdmk	Monosolenium tenerum	GCA_041684035.1
Streptophyta	j9m0cdmk	Musa acuminata	GCF_036884655.1
Streptophyta	j9m0cdmk	Myriophyllum sibiricum	GCA_977013075.1
Streptophyta	j9m0cdmk	Narthecium ossifragum	GCA_963920575.1
Streptophyta	j9m0cdmk	Nelumbo nucifera	GCA_055504915.1
Streptophyta	j9m0cdmk	Nothapodytes nimmoniana	GCA_050948255.1
Streptophyta	j9m0cdmk	Nyssa sinensis	GCA_008638375.1
Streptophyta	j9m0cdmk	Oedipodium griffithianum	GCA_977872475.1
Streptophyta	j9m0cdmk	Oenanthe javanica	GCA_048932635.1
Streptophyta	j9m0cdmk	Oresitrophe rupifraga	GCA_054131585.1
Streptophyta	j9m0cdmk	Orthotrichum anomalum	GCA_050084045.1
Streptophyta	j9m0cdmk	Oxalis stricta	GCA_054130665.1
Streptophyta	j9m0cdmk	Panicum virgatum	GCF_016808335.1
Streptophyta	j9m0cdmk	Papaver somniferum	GCA_010119995.1
Streptophyta	j9m0cdmk	Paraleucobryum enerve	GCA_050084115.1
Streptophyta	j9m0cdmk	Paulownia tomentosa	GCA_965263725.1
Streptophyta	j9m0cdmk	Persea americana	GCA_051132755.1
Streptophyta	j9m0cdmk	Petalophyllum ralfsii	GCA_978019955.1
Streptophyta	j9m0cdmk	Pharus latifolius	GCA_019359835.1
Streptophyta	j9m0cdmk	Philonotis turneriana	GCA_050084035.1
Streptophyta	j9m0cdmk	Phyllospadix iwatensis	GCA_054667695.1
Streptophyta	j9m0cdmk	Pinus tabuliformis	GCA_031772625.1
Streptophyta	j9m0cdmk	Piper sarmentosum	GCA_050613395.1
Streptophyta	j9m0cdmk	Pistacia vera	GCA_026535395.1
Streptophyta	j9m0cdmk	Plagiochasma appendiculatum	GCA_042608515.1
Streptophyta	j9m0cdmk	Plagiochila carringtonii	GCA_977930285.1
Streptophyta	j9m0cdmk	Platanthera zijinensis	GCA_039513925.1
Streptophyta	j9m0cdmk	Platanus x hispanica	GCA_976954525.1
Streptophyta	j9m0cdmk	Pleurozia purpurea	GCA_975705895.1
Streptophyta	j9m0cdmk	Polygala serpyllifolia	GCA_965641355.1
Streptophyta	j9m0cdmk	Polygonum aviculare	GCA_934048045.1
Streptophyta	j9m0cdmk	Polytrichum commune	GCA_950295325.2
Streptophyta	j9m0cdmk	Pontederia crassipes	GCA_030549335.1
Streptophyta	j9m0cdmk	Porella arboris vitae	GCA_974392495.1
Streptophyta	j9m0cdmk	Primula kwangtungensis	GCA_054094925.1
Streptophyta	j9m0cdmk	Primulina tabacum	GCF_025594145.1
Streptophyta	j9m0cdmk	Pseudotaxiphyllum elegans	GCA_965240295.2
Streptophyta	j9m0cdmk	Ptilidium ciliare	GCA_965642335.1
Streptophyta	j9m0cdmk	Ptychostomum capillare	GCA_973799455.1
Streptophyta	j9m0cdmk	Pulsatilla chinensis	GCA_977018565.2
Streptophyta	j9m0cdmk	Pyrrhobryum spiniforme	GCA_050084015.1
Streptophyta	j9m0cdmk	Quercus rubra	GCA_035136125.1
Streptophyta	j9m0cdmk	Quillaja saponaria	GCA_029379385.1
Streptophyta	j9m0cdmk	Racomitrium heterostichum	GCA_978765405.1
Streptophyta	j9m0cdmk	Racopilum cuspidigerum	GCA_050083975.1
Streptophyta	j9m0cdmk	Radula complanata	GCA_974373415.1
Streptophyta	j9m0cdmk	Reaumuria songarica	GCA_040143545.1
Streptophyta	j9m0cdmk	Rhodiola chrysanthemifolia	GCA_040894075.1
Streptophyta	j9m0cdmk	Ribes uva crispa	GCA_965211865.1
Streptophyta	j9m0cdmk	Ricciocarpos natans	GCA_050084435.1
Streptophyta	j9m0cdmk	Salix viminalis	GCA_965648455.1
Streptophyta	j9m0cdmk	Santalum album	GCA_043873815.1
Streptophyta	j9m0cdmk	Sarracenia purpurea	GCA_051027295.1
Streptophyta	j9m0cdmk	Saururus chinensis	GCA_035235625.1
Streptophyta	j9m0cdmk	Scapania undulata	GCA_978018195.1
Streptophyta	j9m0cdmk	Scilla litardierei	GCA_030789695.1
Streptophyta	j9m0cdmk	Scurrula parasitica	GCA_051363255.1
Streptophyta	j9m0cdmk	Sideroxylon spinosum	GCA_051912245.1
Streptophyta	j9m0cdmk	Solenostoma erectum	GCA_050084395.1
Streptophyta	j9m0cdmk	Sphagnum palustre	GCA_965637455.1
Streptophyta	j9m0cdmk	Staphylea pinnata	GCA_965153445.2
Streptophyta	j9m0cdmk	Stemona tuberosa	GCA_055697745.1
Streptophyta	j9m0cdmk	Stephania longa	GCA_049863475.1
Streptophyta	j9m0cdmk	Stuckenia pectinata	GCA_976940525.1
Streptophyta	j9m0cdmk	Stylosanthes angustifolia	GCA_046125935.1
Streptophyta	j9m0cdmk	Takakia lepidozioides	GCA_030704615.1
Streptophyta	j9m0cdmk	Taxus chinensis	GCA_019776745.2
Streptophyta	j9m0cdmk	Tetracentron sinense	GCA_015143295.1
Streptophyta	j9m0cdmk	Tetraphis pellucida	GCA_050084375.1
Streptophyta	j9m0cdmk	Tetraplodon mnioides	GCA_976225305.1
Streptophyta	j9m0cdmk	Thalia dealbata	GCA_030544415.1
Streptophyta	j9m0cdmk	Tigridiopalma magnifica	GCA_054741195.1
Streptophyta	j9m0cdmk	Tillandsia fasciculata	GCA_029168755.2
Streptophyta	j9m0cdmk	Timmia megapolitana	GCA_050084315.1
Streptophyta	j9m0cdmk	Tinospora sinensis	GCA_049862615.1
Streptophyta	j9m0cdmk	Tofieldia thibetica	GCA_054954025.1
Streptophyta	j9m0cdmk	Triglochin maritima	GCA_963682175.1
Streptophyta	j9m0cdmk	Typha latifolia	GCF_019914945.1
Streptophyta	j9m0cdmk	Vanilla planifolia	GCA_023846275.1
Streptophyta	j9m0cdmk	Verbascum nigrum	GCA_964305475.2
Streptophyta	j9m0cdmk	Verbena officinalis	GCA_958496215.1
Streptophyta	j9m0cdmk	Victoria cruziana	GCA_965616825.1
Streptophyta	j9m0cdmk	Viola stagnina	GCA_965234175.1
Streptophyta	j9m0cdmk	Viscum album	GCA_963277665.1
Streptophyta	j9m0cdmk	Warburgia ugandensis	GCA_035236585.1
Streptophyta	j9m0cdmk	Yunnanopilia longistaminea	GCA_054130615.1
Streptophyta	j9m0cdmk	Zygnema circumcarinatum	GCA_037447605.1
Tunicata	hcehc7ff	Aplidium elegans	GCA_978019705.1
Tunicata	hcehc7ff	Aplidium pallidum	GCA_974891035.1
Tunicata	hcehc7ff	Aplidium turbinatum	GCA_918807975.1
Tunicata	hcehc7ff	Ascidia mentula	GCA_947561715.1
Tunicata	hcehc7ff	Ascidiella aspersa	GCA_963924565.1
Tunicata	hcehc7ff	Ascidiella scabra	GCA_966096145.1
Tunicata	hcehc7ff	Asterocarpa humilis	GCA_965654205.1
Tunicata	hcehc7ff	Botrylloides diegensis	GCA_982130965.1
Tunicata	hcehc7ff	Botrylloides israeliense	GCA_979627895.1
Tunicata	hcehc7ff	Botrylloides violaceus	GCA_981691465.1
Tunicata	hcehc7ff	Corella eumyota	GCA_963082875.1
Tunicata	hcehc7ff	Corella parallelogramma	GCA_981110275.1
Tunicata	hcehc7ff	Diazona violacea	GCA_980750685.1
Tunicata	hcehc7ff	Didemnum vexillum	GCA_965643705.1
Tunicata	hcehc7ff	Diplosoma listerianum	GCA_965643625.1
Tunicata	hcehc7ff	Diplosoma spongiforme	GCA_982093745.1
Tunicata	hcehc7ff	Diplosoma virens	GCA_963680785.1
Tunicata	hcehc7ff	Distaplia bermudensis	GCA_981692175.1
Tunicata	hcehc7ff	Halocynthia papillosa	GCA_965234635.1
Tunicata	hcehc7ff	Lissoclinum perforatum	GCA_977071135.1
Tunicata	hcehc7ff	Microcosmus polymorphus	GCA_981691995.1
Tunicata	hcehc7ff	Microcosmus squamiger	GCA_977109195.1
Tunicata	hcehc7ff	Oikopleura dioica	GCA_907165135.1
Tunicata	hcehc7ff	Phallusia fumigata	GCA_964656945.1
Tunicata	hcehc7ff	Phallusia mammillata	GCF_965637545.1
Tunicata	hcehc7ff	Polycarpa mamillaris	GCA_965278745.1
Tunicata	hcehc7ff	Pycnoclavella producta	GCA_966112915.1
Tunicata	hcehc7ff	Styela clava	GCF_964204865.1
Tunicata	hcehc7ff	Styela plicata	GCA_963675895.2
Tunicata	hcehc7ff	Symplegma brakenhielmi	GCA_981692185.1
Tunicata	hcehc7ff	Thalia democratica	GCA_965202585.1
Tunicata	hcehc7ff	Trididemnum clinides	GCA_963675345.1
Tunicata	hcehc7ff	Trididemnum miniatum	GCA_964006365.1
Tunicata	hcehc7ff	Trididemnum nubilum	GCA_963965965.1
Vertebrata	etb1go6q	Acipenser ruthenus	GCF_902713425.1
Vertebrata	etb1go6q	Ahaetulla prasina	GCF_028640845.1
Vertebrata	etb1go6q	Albula goreensis	GCA_022829145.1
Vertebrata	etb1go6q	Alligator mississippiensis	GCF_030867095.1
Vertebrata	etb1go6q	Amblyopsis spelaea	GCA_046255725.1
Vertebrata	etb1go6q	Ambystoma mexicanum	GCF_040938575.1
Vertebrata	etb1go6q	Amia ocellicauda	GCF_036373705.1
Vertebrata	etb1go6q	Anguilla anguilla	GCF_013347855.1
Vertebrata	etb1go6q	Anomaloglossus baeobatrachus	GCF_048569485.1
Vertebrata	etb1go6q	Aplochiton taeniatus	GCA_017639675.1
Vertebrata	etb1go6q	Aquarana catesbeiana	GCF_042186555.1
Vertebrata	etb1go6q	Argentina silus	GCA_951799395.1
Vertebrata	etb1go6q	Argyrosomus regius	GCA_946959425.1
Vertebrata	etb1go6q	Asaccus caudivolvulus	GCA_042257475.1
Vertebrata	etb1go6q	Ascaphus truei	GCF_040206685.1
Vertebrata	etb1go6q	Astyanax mexicanus	GCF_023375975.1
Vertebrata	etb1go6q	Bagarius rutilus	GCA_053477655.1
Vertebrata	etb1go6q	Barbus barbus	GCF_936440315.1
Vertebrata	etb1go6q	Bassozetus sp 2 HX 2024	GCA_048564805.1
Vertebrata	etb1go6q	Betta splendens	GCF_900634795.4
Vertebrata	etb1go6q	Bombina bombina	GCF_027579735.1
Vertebrata	etb1go6q	Borostomias antarcticus	GCA_949987555.1
Vertebrata	etb1go6q	Brienomyrus brachyistius	GCF_023856365.1
Vertebrata	etb1go6q	Bucephala clangula	GCF_964059595.1
Vertebrata	etb1go6q	Bufotes viridis	GCA_033119425.1
Vertebrata	etb1go6q	Caesio teres	GCA_048129055.1
Vertebrata	etb1go6q	Camelus dromedarius	GCF_036321535.1
Vertebrata	etb1go6q	Canis lupus	GCF_048164855.1
Vertebrata	etb1go6q	Carcharodon carcharias	GCF_017639515.1
Vertebrata	etb1go6q	Carettochelys insculpta	GCF_033958435.1
Vertebrata	etb1go6q	Castor canadensis	GCF_047511655.1
Vertebrata	etb1go6q	Chaetodon trifascialis	GCF_039877785.1
Vertebrata	etb1go6q	Chanos chanos	GCF_902362185.1
Vertebrata	etb1go6q	Chelon labrosus	GCA_963514085.1
Vertebrata	etb1go6q	Choerodon schoenleinii	GCA_047301625.1
Vertebrata	etb1go6q	Choloepus didactylus	GCF_015220235.1
Vertebrata	etb1go6q	Conger conger	GCF_963514075.1
Vertebrata	etb1go6q	Coregonus lavaretus	GCA_964263955.1
Vertebrata	etb1go6q	Correlophus ciliatus	GCA_045269775.1
Vertebrata	etb1go6q	Cristiceps australis	GCA_049082045.1
Vertebrata	etb1go6q	Crocodylus niloticus	GCA_054825085.1
Vertebrata	etb1go6q	Cynocephalus volans	GCF_027409185.1
Vertebrata	etb1go6q	Dama dama	GCF_033118175.1
Vertebrata	etb1go6q	Dasypus novemcinctus	GCF_030445035.2
Vertebrata	etb1go6q	Dasyurus maculatus	GCA_048593245.1
Vertebrata	etb1go6q	Denticeps clupeoides	GCF_900700375.2
Vertebrata	etb1go6q	Desmognathus fuscus	GCA_050004315.1
Vertebrata	etb1go6q	Dibamus cf smithi	GCA_046126795.1
Vertebrata	etb1go6q	Diceros bicornis	GCF_020826845.1
Vertebrata	etb1go6q	Diretmus argenteus	GCA_048569125.1
Vertebrata	etb1go6q	Discoglossus pictus	GCA_027410445.1
Vertebrata	etb1go6q	Dromiciops gliroides	GCF_019393635.1
Vertebrata	etb1go6q	Dryobates pubescens	GCF_014839835.1
Vertebrata	etb1go6q	Dugong dugon	GCA_030035585.1
Vertebrata	etb1go6q	Echeneis naucrates	GCF_900963305.2
Vertebrata	etb1go6q	Electrophorus electricus	GCF_041902795.1
Vertebrata	etb1go6q	Eleutherodactylus coqui	GCF_035609145.1
Vertebrata	etb1go6q	Engystomops pustulosus	GCF_040894005.1
Vertebrata	etb1go6q	Enoplosus armatus	GCF_043641665.1
Vertebrata	etb1go6q	Eptatretus okinoseanus	GCA_041222605.1
Vertebrata	etb1go6q	Equus caballus	GCF_041296265.1
Vertebrata	etb1go6q	Erethizon dorsatum	GCA_028451465.1
Vertebrata	etb1go6q	Erinaceus europaeus	GCF_950295315.1
Vertebrata	etb1go6q	Erpetoichthys calabaricus	GCF_900747795.2
Vertebrata	etb1go6q	Esox lucius	GCF_011004845.1
Vertebrata	etb1go6q	Eublepharis macularius	GCF_028583425.1
Vertebrata	etb1go6q	Euleptes europaea	GCF_029931775.1
Vertebrata	etb1go6q	Eutrigla gurnardus	GCA_963514095.1
Vertebrata	etb1go6q	Fejervarya limnocharis	GCA_054083975.1
Vertebrata	etb1go6q	Gastrophryne carolinensis	GCA_027917425.1
Vertebrata	etb1go6q	Gavialis gangeticus	GCA_030020295.1
Vertebrata	etb1go6q	Gekko kuhli	GCA_051903775.2
Vertebrata	etb1go6q	Geotrypetes seraphini	GCF_902459505.2
Vertebrata	etb1go6q	Globicephala melas	GCF_963455315.2
Vertebrata	etb1go6q	Gonorynchus abbreviatus	GCA_054828645.1
Vertebrata	etb1go6q	Gymnothorax moringa	GCA_978019835.1
Vertebrata	etb1go6q	Gyrinocheilus aymonieri	GCA_051167395.1
Vertebrata	etb1go6q	Hemicordylus capensis	GCF_027244095.1
Vertebrata	etb1go6q	Hemiscyllium ocellatum	GCF_020745735.1
Vertebrata	etb1go6q	Heptranchias perlo	GCF_035084215.1
Vertebrata	etb1go6q	Heterodontus francisci	GCF_036365525.1
Vertebrata	etb1go6q	Heterohyrax brucei	GCA_028571685.1
Vertebrata	etb1go6q	Huso huso	GCA_036884735.1
Vertebrata	etb1go6q	Hydrolagus colliei	GCA_035084275.1
Vertebrata	etb1go6q	Hyla sarda	GCF_029499605.1
Vertebrata	etb1go6q	Hypanus sabinus	GCF_030144855.1
Vertebrata	etb1go6q	Hyperolius riggenbachi	GCF_040937935.1
Vertebrata	etb1go6q	Ichthyophis bannanicus	GCA_033557465.1
Vertebrata	etb1go6q	Ilisha elongata	GCA_048126385.1
Vertebrata	etb1go6q	Ilyophis sp JC 2022 1	GCA_022702415.1
Vertebrata	etb1go6q	Julidochromis regani	GCA_056152105.1
Vertebrata	etb1go6q	Kaupichthys nuchalis	GCA_978019975.1
Vertebrata	etb1go6q	Lampetra fluviatilis	GCF_964198595.1
Vertebrata	etb1go6q	Lampris incognitus	GCF_029633865.1
Vertebrata	etb1go6q	Latimeria chalumnae	GCF_037176945.1
Vertebrata	etb1go6q	Lemur catta	GCF_020740605.2
Vertebrata	etb1go6q	Lepidogalaxias salamandroides	GCA_049190665.1
Vertebrata	etb1go6q	Lepidosiren paradoxa	GCA_040581445.1
Vertebrata	etb1go6q	Lepisosteus oculatus	GCF_040954835.1
Vertebrata	etb1go6q	Leptobrachium boringii	GCA_054131545.1
Vertebrata	etb1go6q	Lestoros inca	GCA_054644205.1
Vertebrata	etb1go6q	Lethenteron reissneri	GCF_015708825.2
Vertebrata	etb1go6q	Lissotriton vulgaris	GCA_964263255.1
Vertebrata	etb1go6q	Lophius americanus	GCA_037951165.2
Vertebrata	etb1go6q	Loxodonta africana	GCF_030014295.1
Vertebrata	etb1go6q	Lynx canadensis	GCF_007474595.2
Vertebrata	etb1go6q	Macrochelys suwanniensis	GCA_033296515.1
Vertebrata	etb1go6q	Macrotis lagotis	GCF_037893015.1
Vertebrata	etb1go6q	Manis pentadactyla	GCF_030020395.1
Vertebrata	etb1go6q	Mantella aurantiaca	GCA_048565335.1
Vertebrata	etb1go6q	Megalops cyprinoides	GCF_013368585.1
Vertebrata	etb1go6q	Merluccius merluccius	GCA_964660975.1
Vertebrata	etb1go6q	Microcaecilia unicolor	GCF_901765095.2
Vertebrata	etb1go6q	Micropoecilia bifurca	GCA_052054765.1
Vertebrata	etb1go6q	Misgurnus anguillicaudatus	GCF_027580225.2
Vertebrata	etb1go6q	Mixophyes fleayi	GCF_038048845.1
Vertebrata	etb1go6q	Mobula birostris	GCF_030028105.1
Vertebrata	etb1go6q	Monodelphis domestica	GCF_027887165.1
Vertebrata	etb1go6q	Mustelus asterias	GCF_964213995.1
Vertebrata	etb1go6q	Myotis myotis	GCA_014108235.2
Vertebrata	etb1go6q	Myrichthys ocellatus	GCA_975146105.1
Vertebrata	etb1go6q	Myripristis murdjan	GCF_902150065.1
Vertebrata	etb1go6q	Myuchelys georgesi	GCA_040894355.2
Vertebrata	etb1go6q	Myxine glutinosa	GCF_964187855.1
Vertebrata	etb1go6q	Myxocyprinus asiaticus	GCF_019703515.2
Vertebrata	etb1go6q	Nansenia antarctica	GCF_963989245.1
Vertebrata	etb1go6q	Narcine bancroftii	GCF_036971445.1
Vertebrata	etb1go6q	Neoceratodus forsteri	GCA_016271365.2
Vertebrata	etb1go6q	Neosalanx taihuensis	GCA_030340665.1
Vertebrata	etb1go6q	Notamacropus eugenii	GCF_028372415.1
Vertebrata	etb1go6q	Notolepis coatsorum	GCA_963971535.1
Vertebrata	etb1go6q	Notoryctes typhlops	GCA_048126345.2
Vertebrata	etb1go6q	Nycticebus coucang	GCF_027406575.1
Vertebrata	etb1go6q	Ornithorhynchus anatinus	GCF_004115215.2
Vertebrata	etb1go6q	Orycteropus afer	GCA_054668755.1
Vertebrata	etb1go6q	Oryctolagus cuniculus	GCF_964237555.1
Vertebrata	etb1go6q	Osmerus mordax	GCF_038355195.1
Vertebrata	etb1go6q	Pan paniscus	GCF_029289425.2
Vertebrata	etb1go6q	Pangshura tecta	GCA_045781095.1
Vertebrata	etb1go6q	Parambassis ranga	GCF_900634625.2
Vertebrata	etb1go6q	Pelodytes ibericus	GCA_036172795.1
Vertebrata	etb1go6q	Pelomedusa somalica	GCA_051311615.1
Vertebrata	etb1go6q	Petromyzon marinus	GCF_048934315.1
Vertebrata	etb1go6q	Phascolarctos cinereus	GCA_003287225.3
Vertebrata	etb1go6q	Podocnemis expansa	GCA_045364815.1
Vertebrata	etb1go6q	Polymixia cf hollisterae	GCA_048537225.1
Vertebrata	etb1go6q	Polyodon spathula	GCF_017654505.1
Vertebrata	etb1go6q	Polypterus senegalus	GCF_016835505.1
Vertebrata	etb1go6q	Pomatoschistus minutus	GCA_965276375.1
Vertebrata	etb1go6q	Poromitra crassiceps	GCA_964638095.1
Vertebrata	etb1go6q	Potamotrygon marinae	GCA_055471215.1
Vertebrata	etb1go6q	Pristis pectinata	GCF_009764475.1
Vertebrata	etb1go6q	Procyon lotor	GCA_055474045.1
Vertebrata	etb1go6q	Protomyctophum parallelum	GCA_964188405.1
Vertebrata	etb1go6q	Protopterus annectens	GCF_019279795.1
Vertebrata	etb1go6q	Pseudophryne corroboree	GCF_028390025.1
Vertebrata	etb1go6q	Pterygoplichthys pardalis	GCA_050231285.1
Vertebrata	etb1go6q	Pyxicephalus adspersus	GCF_032062135.1
Vertebrata	etb1go6q	Raja brachyura	GCF_963514005.1
Vertebrata	etb1go6q	Ranitomeya imitator	GCF_032444005.1
Vertebrata	etb1go6q	Rhinatrema bivittatum	GCF_901001135.2
Vertebrata	etb1go6q	Rhinoderma darwinii	GCF_050947455.1
Vertebrata	etb1go6q	Rhinophrynus dorsalis	GCA_037306005.1
Vertebrata	etb1go6q	Rhinoraja longicauda	GCF_053455715.1
Vertebrata	etb1go6q	Rhynchocyon petersi	GCA_043290065.1
Vertebrata	etb1go6q	Rousettus aegyptiacus	GCA_014176215.2
Vertebrata	etb1go6q	Salvelinus alpinus	GCF_045679555.1
Vertebrata	etb1go6q	Sardina pilchardus	GCF_963854185.1
Vertebrata	etb1go6q	Scleropages formosus	GCF_900964775.1
Vertebrata	etb1go6q	Setipinna tenuifilis	GCA_030347295.1
Vertebrata	etb1go6q	Sigmodon hispidus	GCA_047301775.1
Vertebrata	etb1go6q	Somniosus microcephalus	GCA_052327205.1
Vertebrata	etb1go6q	Spea bombifrons	GCF_027358695.1
Vertebrata	etb1go6q	Spermophilus citellus	GCF_964194105.1
Vertebrata	etb1go6q	Sphaeramia orbicularis	GCF_902148855.1
Vertebrata	etb1go6q	Squalus acanthias	GCA_030390025.1
Vertebrata	etb1go6q	Struthio camelus	GCF_040807025.1
Vertebrata	etb1go6q	Suncus etruscus	GCF_024139225.1
Vertebrata	etb1go6q	Sus scrofa	GCF_000003025.6
Vertebrata	etb1go6q	Syngnathus acus	GCF_901709675.1
Vertebrata	etb1go6q	Tachyglossus aculeatus	GCF_015852505.1
Vertebrata	etb1go6q	Talpa europaea	GCA_964194135.1
Vertebrata	etb1go6q	Tamandua tetradactyla	GCF_023851605.1
Vertebrata	etb1go6q	Tapirus indicus	GCA_054859645.1
Vertebrata	etb1go6q	Tenrec ecaudatus	GCF_050624435.1
Vertebrata	etb1go6q	Thalassophryne amazonica	GCF_902500255.1
Vertebrata	etb1go6q	Thamnaconus septentrionalis	GCA_009823395.1
Vertebrata	etb1go6q	Thunnus albacares	GCF_914725855.1
Vertebrata	etb1go6q	Thymallus thymallus	GCA_023634145.1
Vertebrata	etb1go6q	Tiliqua scincoides	GCF_035046505.1
Vertebrata	etb1go6q	Torpedo marmorata	GCA_977017645.1
Vertebrata	etb1go6q	Trichechus inunguis	GCA_046562895.1
Vertebrata	etb1go6q	Trichosurus vulpecula	GCF_011100635.1
Vertebrata	etb1go6q	Tupaia tana	GCA_026018925.2
Vertebrata	etb1go6q	Umbra krameri	GCA_978157285.1
Vertebrata	etb1go6q	Ursus americanus	GCA_024610735.2
Vertebrata	etb1go6q	Xantusia vigilis	GCA_051940855.1
Vertebrata	etb1go6q	Zalophus californianus	GCF_009762305.2
Vertebrata	etb1go6q	Zeus faber	GCF_960531495.1
Vertebrata	etb1go6q	Zootoca vivipara	GCF_963506605.1
